filename,artist,year,title,tags,style,genre
berthe-morisot-calvary-after-veronese.jpg,Morisot Berthe,1858,Calvary (after Veronese),"Jesus-Christ, Crucifixion",Realism,religious painting
berthe-morisot-farm-in-normandy.jpg,Morisot Berthe,1860,Farm in Normandy,"houses-and-buildings, Normandy, forests-and-trees",Impressionism,landscape
berthe-morisot-the-old-track-to-auvers-1863.jpg,Morisot Berthe,1863,The Old Track to Auvers,forests-and-trees,Impressionism,landscape
berthe-morisot-view-of-tivoli-after-corot.jpg,Morisot Berthe,1863,View of Tivoli (after Corot),"houses-and-buildings, mountains",Impressionism,landscape
berthe-morisot-study-the-water-s-edge.jpg,Morisot Berthe,1864,"Study, The Water's Edge",leisure-and-sleep,Impressionism,sketch and study
berthe-morisot-young-lady-seated-on-a-bench.jpg,Morisot Berthe,1864,Young Lady Seated on a Bench,female-portraits,Impressionism,portrait
berthe-morisot-thatched-cottage-in-normandy.jpg,Morisot Berthe,1865,Thatched Cottage in Normandy,"houses-and-buildings, Normandy, folk-architecture, forests-and-trees",Impressionism,landscape
berthe-morisot-rosalie-reisener.jpg,Morisot Berthe,1866,Rosalie Reisener,female-portraits,Impressionism,genre painting
berthe-morisot-the-seine-below-the-pont-d-lena.jpg,Morisot Berthe,1866,The Seine below the Pont d'Lena,rivers-and-waterfalls,Impressionism,landscape
berthe-morisot-rosbras-brittany-1867.jpg,Morisot Berthe,1867,"Rosbras, Brittany",boats-and-ships,Impressionism,landscape
berthe-morisot-the-artist-s-sister-at-a-window.jpg,Morisot Berthe,1869,The Artist's Sister at a Window,female-portraits,Impressionism,genre painting
berthe-morisot-the-harbor-at-lorient.jpg,Morisot Berthe,1869,The Harbor at Lorient,boats-and-ships,Impressionism,landscape
berthe-morisot-two-sisters-on-a-couch.jpg,Morisot Berthe,1869,Two Sisters on a Couch,female-portraits,Impressionism,portrait
berthe-morisot-portrait-of-a-woman-in-a-pink-dress.jpg,Morisot Berthe,1870,Portrait of a Woman in a pink dress,female-portraits,Impressionism,portrait
berthe-morisot-portrait-of-the-artist-s-mother-and-sister.jpg,Morisot Berthe,1870,Portrait of the Artist's Mother and Sister,group-portraits,Impressionism,portrait
berthe-morisot-on-the-sofa.jpg,Morisot Berthe,1871,On the Sofa,female-portraits,Impressionism,genre painting
berthe-morisot-portrait-of-edma-pontillon.jpg,Morisot Berthe,1871,Portrait of Edma Pontillon,female-portraits,Impressionism,portrait
berthe-morisot-woman-and-child-seated-in-a-meadow.jpg,Morisot Berthe,1871,Woman and Child Seated in a Meadow,"fields-and-plains, leisure-and-sleep",Impressionism,genre painting
berthe-morisot-young-woman.jpg,Morisot Berthe,1871,Young Woman,female-portraits,Impressionism,portrait
berthe-morisot-interior.jpg,Morisot Berthe,1872,Interior,"furniture-and-decoration, doors-and-windows",Impressionism,genre painting
berthe-morisot-the-artist-s-sister-edma-with-her-daughter-jeanne.jpg,Morisot Berthe,1872,The Artist's Sister Edma with Her Daughter Jeanne,female-portraits,Impressionism,genre painting
berthe-morisot-the-cradle-1872.jpg,Morisot Berthe,1872,The Cradle,"children, mother-and-child",Impressionism,genre painting
berthe-morisot-view-on-paris-sun.jpg,Morisot Berthe,1872,View of Paris from the Trocadero,"houses-and-buildings, roads-and-vehicles",Impressionism,genre painting
berthe-morisot-woman-and-child-on-the-balcony.jpg,Morisot Berthe,1872,Woman and child on the balcony,houses-and-buildings,Impressionism,genre painting
berthe-morisot-hide-and-seek.jpg,Morisot Berthe,1873,Hide and Seek,"games-and-sport, forests-and-trees",Impressionism,genre painting
berthe-morisot-mme-boursier-and-her-daughter-1873.jpg,Morisot Berthe,1873,Mme Boursier and Her Daughter,group-portraits,Impressionism,portrait
berthe-morisot-portrait-of-marguerite-carre-also-known-as-young-girl-in-a-ball-gown.jpg,Morisot Berthe,1873,Portrait of Marguerite Carre (also known as Young Girl in a Ball Gown),female-portraits,Impressionism,portrait
berthe-morisot-reading-with-green-umbrella.jpg,Morisot Berthe,1873,Reading with Green Umbrella,female-portraits,Impressionism,genre painting
berthe-morisot-the-beach-at-petit-dalles-aka-on-the-beach.jpg,Morisot Berthe,1873,The Beach at Petit Dalles (aka On the Beach),"rivers-and-waterfalls, boats-and-ships",Impressionism,genre painting
berthe-morisot-the-village-of-maurecourt-1873.jpg,Morisot Berthe,1873,The village of Maurecourt,"fields-and-plains, forests-and-trees",Impressionism,landscape
berthe-morisot-young-girl-with-a-parrot.jpg,Morisot Berthe,1873,Young Girl with a Parrot,female-portraits,Impressionism,genre painting
berthe-morisot-beneath-the-lilac-at-maurecourt-1874.jpg,Morisot Berthe,1874,Beneath the Lilac at Maurecourt,"gardens-and-parks, leisure-and-sleep",Impressionism,genre painting
berthe-morisot-boats-under-construction.jpg,Morisot Berthe,1874,Boats under Construction,boats-and-ships,Impressionism,cityscape
berthe-morisot-harbor-in-the-port-of-fecamp.jpg,Morisot Berthe,1874,Harbor in the Port of Fecamp,"boats-and-ships, Normandy, Fecamp",Impressionism,landscape
berthe-morisot-in-a-park.jpg,Morisot Berthe,1874,In a Park,"gardens-and-parks, forests-and-trees",Impressionism,genre painting
berthe-morisot-in-a-villa-at-the-seaside.jpg,Morisot Berthe,1874,In a Villa at the Seaside,"boats-and-ships, seas-and-oceans",Impressionism,genre painting
berthe-morisot-on-the-terrace-1874.jpg,Morisot Berthe,1874,On the Terrace,"boats-and-ships, seas-and-oceans",Impressionism,genre painting
berthe-morisot-portrait-of-madame-hubbard.jpg,Morisot Berthe,1874,Portrait of Madame Hubbard,female-portraits,Impressionism,portrait
berthe-morisot-the-butterfly-hunt-1874.jpg,Morisot Berthe,1874,The Butterfly Hunt,"flowers-and-plants, gardens-and-parks, forests-and-trees",Impressionism,genre painting
berthe-morisot-aboard-a-yacht.jpg,Morisot Berthe,1875,Aboard a Yacht,boats-and-ships,Impressionism,marina
berthe-morisot-at-the-ball-1875.jpg,Morisot Berthe,1875,At the Ball,female-portraits,Impressionism,portrait
berthe-morisot-before-the-theatre.jpg,Morisot Berthe,1875,Before the Theatre,female-portraits,Impressionism,portrait
berthe-morisot-boat-on-the-quay-1875.jpg,Morisot Berthe,1875,Boat on the Quay,boats-and-ships,Impressionism,marina
berthe-morisot-boats-entry-to-the-medina-in-the-isle-of-wight.jpg,Morisot Berthe,1875,Boats - Entry to the Medina in the Isle of Wight,"rivers-and-waterfalls, boats-and-ships",Impressionism,marina
berthe-morisot-english-seascape.jpg,Morisot Berthe,1875,English Seascape,boats-and-ships,Impressionism,marina
berthe-morisot-girl-and-child-on-the-grass.jpg,Morisot Berthe,1875,Girl and Child on the Grass,leisure-and-sleep,Impressionism,genre painting
berthe-morisot-hanging-the-laundry-out-to-dry.jpg,Morisot Berthe,1875,Hanging the Laundry out to Dry,"houses-and-buildings, fields-and-plains",Impressionism,landscape
berthe-morisot-in-the-dining-room.jpg,Morisot Berthe,1875,In the Dining Room,"furniture-and-decoration, doors-and-windows",Impressionism,genre painting
berthe-morisot-in-the-wheatfield-at-gennevilliers-1875.jpg,Morisot Berthe,1875,In the Wheatfield at Gennevilliers,"autumn, countryside, fields-and-plains",Impressionism,genre painting
berthe-morisot-landscape-at-gennevilliers.jpg,Morisot Berthe,1875,Landscape at Gennevilliers,"fields-and-plains, forests-and-trees",Impressionism,landscape
berthe-morisot-landscape-near-valenciennes.jpg,Morisot Berthe,1875,Landscape near Valenciennes,"fields-and-plains, forests-and-trees",Impressionism,landscape
berthe-morisot-portrait-of-the-artist-s-sister-mme-edma-pontillon-c-1872-75.jpg,Morisot Berthe,1875,"Portrait of the Artist's Sister, Mme Edma Pontillon, c.1872-75",female-portraits,Impressionism,portrait
berthe-morisot-the-isle-of-wight-1875.jpg,Morisot Berthe,1875,The Isle of Wight,boats-and-ships,Impressionism,marina
berthe-morisot-the-little-windmill-at-gennevilliers.jpg,Morisot Berthe,1875,The Little Windmill at Gennevilliers,"houses-and-buildings, mills-and-windmills",Impressionism,landscape
berthe-morisot-eugene-manet-on-the-isle-of-wight.jpg,Morisot Berthe,1875,Eugene Manet on the Isle of Wight,"flowers-and-plants, gardens-and-parks",Impressionism,genre painting
berthe-morisot-dahlias.jpg,Morisot Berthe,1876,Dahlias,flowers-and-plants,Impressionism,flower painting
berthe-morisot-the-cheval-glass.jpg,Morisot Berthe,1876,The Cheval Glass,female-portraits,Impressionism,genre painting
berthe-morisot-woman-with-a-fan-aka-head-of-a-girl.jpg,Morisot Berthe,1876,Woman with a Fan (aka Head of a Girl),female-portraits,Impressionism,portrait
berthe-morisot-young-woman-and-child-avenue-du-bois.jpg,Morisot Berthe,1876,"Young Woman and Child, Avenue du Bois",female-portraits,Impressionism,genre painting
berthe-morisot-tureen-and-apple.jpg,Morisot Berthe,1877,Tureen And Apple,"fruits-and-vegetables, dishware-and-cutlery",Impressionism,still life
berthe-morisot-young-woman-powdering-her-face-1877.jpg,Morisot Berthe,1877,Young Woman Powdering her Face,female-portraits,Impressionism,genre painting
berthe-morisot-woman-in-black.jpg,Morisot Berthe,1878,Woman in Black,female-portraits,Impressionism,portrait
berthe-morisot-portrait-of-a-young-lady.jpg,Morisot Berthe,1878,Portrait of a Young Lady,female-portraits,Impressionism,portrait
berthe-morisot-by-the-water.jpg,Morisot Berthe,1879,By the Water,"rivers-and-waterfalls, leisure-and-sleep",Impressionism,genre painting
berthe-morisot-luncheon-in-the-countryside.jpg,Morisot Berthe,1879,Luncheon in the Countryside,"countryside, mealtimes",Impressionism,genre painting
berthe-morisot-profile-of-a-seated-young-woman-1879.jpg,Morisot Berthe,1879,Profile of a seated young woman,female-portraits,Impressionism,portrait
berthe-morisot-summer-s-day-1879.jpg,Morisot Berthe,1879,Summer's Day,"summer, rivers-and-waterfalls, boats-and-ships",Impressionism,genre painting
berthe-morisot-young-girl-in-a-ball-gown-1879.jpg,Morisot Berthe,1879,Young girl in a ball gown,female-portraits,Impressionism,portrait
berthe-morisot-young-woman-in-grey-reclining.jpg,Morisot Berthe,1879,Young Woman in Grey Reclining,female-portraits,Impressionism,genre painting
berthe-morisot-in-the-bois-de-boulogne.jpg,Morisot Berthe,1879,In the Bois de Boulogne,"gardens-and-parks, forests-and-trees",Impressionism,genre painting
berthe-morisot-boats-on-the-seine.jpg,Morisot Berthe,1880,Boats on the Seine,"rivers-and-waterfalls, boats-and-ships",Impressionism,cityscape
berthe-morisot-portrait-of-a-young-girl-1880.jpg,Morisot Berthe,1880,Portrait of a Young Girl,female-portraits,Impressionism,portrait
berthe-morisot-portrait-of-marcel.jpg,Morisot Berthe,1880,Portrait of Marcel,female-portraits,Impressionism,portrait
berthe-morisot-snowy-landscape-aka-frost.jpg,Morisot Berthe,1880,Snowy Landscape (aka Frost),"winter, forests-and-trees",Impressionism,landscape
berthe-morisot-the-rouart-s-dining-room-1880.jpg,Morisot Berthe,1880,The Rouart's Dining Room,furniture-and-decoration,Impressionism,genre painting
berthe-morisot-the-wet-nurse-angele-feeding-julie-manet.jpg,Morisot Berthe,1880,The Wet Nurse Angele Feeding Julie Manet,mother-and-child,Impressionism,genre painting
berthe-morisot-winter-aka-woman-with-a-muff.jpg,Morisot Berthe,1880,Winter (aka Woman with a Muff),female-portraits,Impressionism,portrait
berthe-morisot-young-woman-at-the-mirror.jpg,Morisot Berthe,1880,Young Woman at the Mirror,female-portraits,Impressionism,genre painting
berthe-morisot-young-woman-in-mauve.jpg,Morisot Berthe,1880,Young Woman in Mauve,female-portraits,Impressionism,portrait
berthe-morisot-julie-manet-and-her-nurse.jpg,Morisot Berthe,1880,Julie Manet and her Nurse,"famous-people, female-portraits",Impressionism,genre painting
berthe-morisot-marcel-gobillard.jpg,Morisot Berthe,1880,Marcel Gobillard,children portraits,Impressionism,portrait
berthe-morisot-after-luncheon.jpg,Morisot Berthe,1881,After Luncheon,female-portraits,Impressionism,portrait
berthe-morisot-child-in-the-rose-garden.jpg,Morisot Berthe,1881,Child in the Rose Garden,children portraits,Impressionism,genre painting
berthe-morisot-eugene-manet-with-his-daughter-at-bougival.jpg,Morisot Berthe,1881,Eugene Manet with his daughter at Bougival,"flowers-and-plants, gardens-and-parks",Impressionism,genre painting
berthe-morisot-julie-with-pasie-in-the-garden-at-bougival.jpg,Morisot Berthe,1881,Julie with Pasie in the Garden at Bougival,"gardens-and-parks, forests-and-trees",Impressionism,genre painting
berthe-morisot-on-the-balcony-of-eugene-manet-s-room-at-bougival.jpg,Morisot Berthe,1881,On the Balcony of Eugene Manet's Room at Bougival,leisure-and-sleep,Impressionism,genre painting
berthe-morisot-pasie-sewing-in-bougival-s-garden-1881.jpg,Morisot Berthe,1881,Pasie sewing in Bougival's Garden,"arts-and-crafts, gardens-and-parks, forests-and-trees",Impressionism,genre painting
berthe-morisot-woman-hanging-out-the-wash.jpg,Morisot Berthe,1881,Woman Hanging out the Wash,domestic-settings,Impressionism,genre painting
berthe-morisot-at-the-beach-in-nice.jpg,Morisot Berthe,1882,At the Beach in Nice,leisure-and-sleep,Impressionism,genre painting
berthe-morisot-child-playing-in-the-garden.jpg,Morisot Berthe,1882,Child Playing in the Garden,"children, games-and-sport",Impressionism,genre painting
berthe-morisot-griffon-dog-s-head-follette.jpg,Morisot Berthe,1882,"Griffon dog's head, Follette",animals,Impressionism,genre painting
berthe-morisot-landscape-of-creuse.jpg,Morisot Berthe,1882,Landscape of Creuse,"fields-and-plains, forests-and-trees, Limousin",Impressionism,landscape
berthe-morisot-little-girl-sitting-on-the-grass.jpg,Morisot Berthe,1882,Little Girl Sitting on the Grass,"gardens-and-parks, forests-and-trees",Impressionism,genre painting
berthe-morisot-playing-in-the-sand.jpg,Morisot Berthe,1882,Playing in the Sand,"games-and-sport, gardens-and-parks, forests-and-trees",Impressionism,genre painting
berthe-morisot-the-beach-at-nice-1882.jpg,Morisot Berthe,1882,The beach at Nice,NULL,Impressionism,genre painting
berthe-morisot-the-port-of-nice-1882.jpg,Morisot Berthe,1882,The Port of Nice,boats-and-ships,Impressionism,marina
berthe-morisot-the-port-of-nice.jpg,Morisot Berthe,1882,The Port of Nice,boats-and-ships,Impressionism,marina
berthe-morisot-villa-with-orange-trees-nice.jpg,Morisot Berthe,1882,"Villa with Orange Trees, Nice","houses-and-buildings, forests-and-trees",Impressionism,landscape
berthe-morisot-haystack.jpg,Morisot Berthe,1883,Haystack,"autumn, countryside, forests-and-trees",Impressionism,landscape
berthe-morisot-haystacks-at-bougival-1883.jpg,Morisot Berthe,1883,Haystacks at Bougival,"autumn, countryside, forests-and-trees",Impressionism,landscape
berthe-morisot-julie-and-eugene-manet-1883.jpg,Morisot Berthe,1883,Julie and Eugene Manet,"gardens-and-parks, forests-and-trees, leisure-and-sleep",Impressionism,genre painting
berthe-morisot-little-girl-with-blond-hair.jpg,Morisot Berthe,1883,Little Girl with Blond Hair,children portraits,Impressionism,portrait
berthe-morisot-the-fable.jpg,Morisot Berthe,1883,The Fable,"gardens-and-parks, leisure-and-sleep",Impressionism,genre painting
berthe-morisot-the-quay-at-bougival.jpg,Morisot Berthe,1883,The Quay at Bougival,houses-and-buildings,Impressionism,cityscape
berthe-morisot-young-girl-with-doll.jpg,Morisot Berthe,1883,Young Girl with Doll,female-portraits,Impressionism,portrait
berthe-morisot-young-woman-and-child-on-an-isle.jpg,Morisot Berthe,1883,Young Woman and Child on an Isle,"gardens-and-parks, leisure-and-sleep",Impressionism,genre painting
berthe-morisot-young-woman-sewing-in-the-garden.jpg,Morisot Berthe,1883,Young Woman Sewing in the Garden,female-portraits,Impressionism,genre painting
berthe-morisot-young-woman-watering-a-shrub.jpg,Morisot Berthe,1883,Young Woman Watering a Shrub,female-portraits,Impressionism,genre painting
berthe-morisot-woman-in-a-garden.jpg,Morisot Berthe,1883,Woman in a Garden,female-portraits,Impressionism,portrait
berthe-morisot-autumn-in-the-bois-de-boulogne.jpg,Morisot Berthe,1884,Autumn in the Bois de Boulogne,"houses-and-buildings, forests-and-trees",Impressionism,landscape
berthe-morisot-child-in-bed.jpg,Morisot Berthe,1884,Child in Bed,children portraits,Impressionism,portrait
berthe-morisot-in-the-garden-at-maurecourt.jpg,Morisot Berthe,1884,In the Garden at Maurecourt,"gardens-and-parks, forests-and-trees, leisure-and-sleep",Impressionism,genre painting
berthe-morisot-julie-and-her-boat.jpg,Morisot Berthe,1884,Julie and Her Boat,"famous-people, female-portraits",Impressionism,genre painting
berthe-morisot-julie-writing.jpg,Morisot Berthe,1884,Julie Writing,children portraits,Impressionism,portrait
berthe-morisot-little-girl-in-a-garden.jpg,Morisot Berthe,1884,Little Girl in a Garden,children portraits,Impressionism,genre painting
berthe-morisot-miss-reynolds.jpg,Morisot Berthe,1884,Miss Reynolds,group-portraits,Impressionism,genre painting
berthe-morisot-on-the-lake-in-the-bois-de-boulogne.jpg,Morisot Berthe,1884,On the Lake in the Bois de Boulogne,"boats-and-ships, lakes-and-ponds",Impressionism,genre painting
berthe-morisot-portrait-of-paule-gobillard.jpg,Morisot Berthe,1884,Portrait of Paule Gobillard,female-portraits,Impressionism,portrait
berthe-morisot-red-haired-girl-sitting-on-a-veranda-1884.jpg,Morisot Berthe,1884,Red haired girl sitting on a veranda,female-portraits,Impressionism,genre painting
berthe-morisot-roses-tremieres-hollyhocks-1884.jpg,Morisot Berthe,1884,Roses Tremieres (Hollyhocks),"flowers-and-plants, gardens-and-parks, forests-and-trees",Impressionism,landscape
berthe-morisot-the-garden-at-bougival-1884.jpg,Morisot Berthe,1884,The Garden at Bougival,"flowers-and-plants, gardens-and-parks, forests-and-trees",Impressionism,landscape
berthe-morisot-the-seine-at-bougival.jpg,Morisot Berthe,1884,The Seine at Bougival,"houses-and-buildings, boats-and-ships",Impressionism,landscape
berthe-morisot-the-sewing-lesson-aka-the-artist-s-daughter-julie-with-her-nanny.jpg,Morisot Berthe,1884,"The Sewing Lesson (aka The Artist's Daughter, Julie, with Her Nanny)",arts-and-crafts,Impressionism,genre painting
berthe-morisot-venus-at-the-forge-of-vulcan-after-boucher-1884.jpg,Morisot Berthe,1884,Venus at the Forge of Vulcan (after Boucher),female-nude,Impressionism,mythological painting
berthe-morisot-willows-in-the-garden-at-bougival.jpg,Morisot Berthe,1884,Willows in the Garden at Bougival,forests-and-trees,Impressionism,landscape
berthe-morisot-woman-and-child-in-a-garden-1884.jpg,Morisot Berthe,1884,Woman and Child in a Garden,"gardens-and-parks, forests-and-trees",Impressionism,genre painting
berthe-morisot-young-girl-boating-1884.jpg,Morisot Berthe,1884,Young girl boating,"rivers-and-waterfalls, boats-and-ships, leisure-and-sleep",Impressionism,genre painting
berthe-morisot-young-girl-with-doll-1.jpg,Morisot Berthe,1884,Young Girl with Doll,female-portraits,Impressionism,genre painting
berthe-morisot-young-woman-with-a-straw-hat.jpg,Morisot Berthe,1884,Young Woman with a Straw Hat,female-portraits,Impressionism,genre painting
berthe-morisot-a-corner-of-the-rose-garden.jpg,Morisot Berthe,1885,A Corner of the Rose Garden,"flowers-and-plants, gardens-and-parks, roses",Impressionism,landscape
berthe-morisot-daffodils.jpg,Morisot Berthe,1885,Daffodils,flowers-and-plants,Impressionism,flower painting
berthe-morisot-daisies.jpg,Morisot Berthe,1885,Daisies,flowers-and-plants,Impressionism,still life
berthe-morisot-in-the-garden.jpg,Morisot Berthe,1885,In the Garden,"gardens-and-parks, forests-and-trees",Impressionism,genre painting
berthe-morisot-lady-with-a-parasol-sitting-in-a-park.jpg,Morisot Berthe,1885,Lady with a Parasol Sitting in a Park,"gardens-and-parks, forests-and-trees",Impressionism,genre painting
berthe-morisot-little-dancer.jpg,Morisot Berthe,1885,Little Dancer,children portraits,Impressionism,genre painting
berthe-morisot-little-girls-in-the-garden-1885.jpg,Morisot Berthe,1885,Little Girls in the Garden,"gardens-and-parks, forests-and-trees",Impressionism,genre painting
berthe-morisot-portrait-of-berthe-morisot-and-her-daughter.jpg,Morisot Berthe,1885,Portrait of Berthe Morisot and Her Daughter,female-portraits,Impressionism,portrait
berthe-morisot-self-portrait-1885.jpg,Morisot Berthe,1885,Self-Portrait,"Berthe-Morisot, famous-people, female-portraits",Impressionism,self-portrait
berthe-morisot-the-cage.jpg,Morisot Berthe,1885,The Cage,"animals, birds",Impressionism,still life
berthe-morisot-the-goose.jpg,Morisot Berthe,1885,The Goose,"animals, rivers-and-waterfalls",Impressionism,animal painting
berthe-morisot-the-red-blouse.jpg,Morisot Berthe,1885,The red blouse,female-portraits,Impressionism,portrait
berthe-morisot-the-tuileries.jpg,Morisot Berthe,1885,The Tuileries,"houses-and-buildings, forests-and-trees",Impressionism,landscape
berthe-morisot-woman-wearing-gloves-aka-the-parisian.jpg,Morisot Berthe,1885,Woman Wearing Gloves (aka The Parisian),female-portraits,Impressionism,genre painting
berthe-morisot-young-woman-on-a-couch.jpg,Morisot Berthe,1885,Young Woman on a Couch,female-portraits,Impressionism,portrait
berthe-morisot-a-young-girl-with-cat.jpg,Morisot Berthe,1886,A Young Girl with Cat,children portraits,Realism,genre painting
berthe-morisot-child-with-a-red-apron.jpg,Morisot Berthe,1886,Child with a Red Apron,children portraits,Impressionism,genre painting
berthe-morisot-children-at-the-basin-1886.jpg,Morisot Berthe,1886,Children at the Basin,"children, games-and-sport",Impressionism,genre painting
berthe-morisot-cottage-interior-also-known-as-interior-at-jersey.jpg,Morisot Berthe,1886,Cottage Interior (also known as Interior at Jersey),"furniture-and-decoration, doors-and-windows",Impressionism,genre painting
berthe-morisot-getting-out-of-bed-1886.jpg,Morisot Berthe,1886,Getting out of Bed,female-portraits,Impressionism,genre painting
berthe-morisot-getting-up-1886.jpg,Morisot Berthe,1886,Getting Up,female-portraits,Impressionism,genre painting
berthe-morisot-girl-with-dog.jpg,Morisot Berthe,1886,Girl with Dog,female-portraits,Impressionism,genre painting
berthe-morisot-little-girl-with-a-blue-jersey-1886.jpg,Morisot Berthe,1886,Little Girl with a Blue Jersey,children portraits,Impressionism,portrait
berthe-morisot-little-girl-with-a-doll.jpg,Morisot Berthe,1886,Little Girl with a Doll,children portraits,Impressionism,genre painting
berthe-morisot-portrait-of-the-artist-s-daughter-julie-manet-at-gorey.jpg,Morisot Berthe,1886,"Portrait of the Artist's Daughter, Julie Manet, at Gorey",female-portraits,Impressionism,portrait
berthe-morisot-the-bath-1886.jpg,Morisot Berthe,1886,The Bath,female-portraits,Impressionism,genre painting
berthe-morisot-the-lesson-in-the-garden.jpg,Morisot Berthe,1886,The Lesson in the Garden,"flowers-and-plants, gardens-and-parks",Impressionism,genre painting
berthe-morisot-the-little-maid-servant.jpg,Morisot Berthe,1886,The Little Maid Servant,"furniture-and-decoration, doors-and-windows",Impressionism,genre painting
berthe-morisot-young-woman-in-white-aka-isabelle-lemmonier.jpg,Morisot Berthe,1886,Young Woman in White (aka Isabelle Lemmonier),female-portraits,Impressionism,portrait
berthe-morisot-the-bath-girl-arranging-her-hair.jpg,Morisot Berthe,1886,The Bath (Girl Arranging Her Hair),female-portraits,Impressionism,genre painting
berthe-morisot-paule-gobillard-1887.jpg,Morisot Berthe,1887,Paule Gobillard,female-portraits,Impressionism,genre painting
berthe-morisot-self-portrait-with-julie-study.jpg,Morisot Berthe,1887,Self-Portrait with Julie (study),"Berthe-Morisot, famous-people, female-portraits",Impressionism,self-portrait
berthe-morisot-young-girl-leaning-on-her-elbow-1887.jpg,Morisot Berthe,1887,Young Girl Leaning on her Elbow,female-portraits,Impressionism,portrait
berthe-morisot-fall-colors-in-the-bois-de-boulogne.jpg,Morisot Berthe,1888,Fall Colors in the Bois de Boulogne,"autumn, forests-and-trees",Impressionism,landscape
berthe-morisot-girl-with-shuttlecock-also-known-as-jeanne-bonnet.jpg,Morisot Berthe,1888,Girl with Shuttlecock (also known as Jeanne Bonnet),female-portraits,Impressionism,portrait
berthe-morisot-jeannie-s-head-aka-tete-de-jeannie.jpg,Morisot Berthe,1888,Jeannie's Head (Tete de Jeannie),children portraits,Impressionism,genre painting
berthe-morisot-julie-listening.jpg,Morisot Berthe,1888,Julie Listening,female-portraits,Impressionism,genre painting
berthe-morisot-reading.jpg,Morisot Berthe,1888,Reading,female-portraits,Impressionism,genre painting
berthe-morisot-swans.jpg,Morisot Berthe,1888,Swans,"animals, birds, swans",Impressionism,animal painting
berthe-morisot-the-blue-vase.jpg,Morisot Berthe,1888,The Blue Vase,flowers-and-plants,Impressionism,still life
berthe-morisot-young-girl-and-the-budgie.jpg,Morisot Berthe,1888,Young Girl and the Budgie,female-portraits,Impressionism,genre painting
berthe-morisot-carriage-in-the-bois-de-boulogne.jpg,Morisot Berthe,1889,Carriage in the Bois de Boulogne,"roads-and-vehicles, forests-and-trees",Impressionism,landscape
berthe-morisot-girl-in-a-boat-with-geese.jpg,Morisot Berthe,1889,"Girl in a Boat, with Geese","rivers-and-waterfalls, boats-and-ships",Impressionism,landscape
berthe-morisot-madame-albine-sermicola-in-the-studio.jpg,Morisot Berthe,1889,Madame Albine Sermicola in the Studio,female-portraits,Impressionism,portrait
berthe-morisot-on-a-bench.jpg,Morisot Berthe,1889,On a Bench,female-portraits,Impressionism,portrait
berthe-morisot-portrait-of-julie.jpg,Morisot Berthe,1889,Portrait of Julie,female-portraits,Impressionism,portrait
berthe-morisot-the-little-girl-from-nice-celestine.jpg,Morisot Berthe,1889,"The Little Girl from Nice, Celestine",children portraits,Impressionism,portrait
berthe-morisot-the-mandolin.jpg,Morisot Berthe,1889,The Mandolin,NULL,Impressionism,genre painting
berthe-morisot-the-orange-picker.jpg,Morisot Berthe,1889,The Orange Picker,"gardens-and-parks, forests-and-trees",Impressionism,genre painting
berthe-morisot-the-orange-picker-1.jpg,Morisot Berthe,1889,The Orange Picker,"gardens-and-parks, forests-and-trees",Impressionism,genre painting
berthe-morisot-the-piano.jpg,Morisot Berthe,1889,The Piano,NULL,Impressionism,genre painting
berthe-morisot-young-woman-in-a-blue-blouse.jpg,Morisot Berthe,1889,Young Woman in a Blue Blouse,female-portraits,Impressionism,portrait
berthe-morisot-young-woman-picking-oranges.jpg,Morisot Berthe,1889,Young Woman Picking Oranges,female-portraits,Impressionism,genre painting
berthe-morisot-before-the-mirror.jpg,Morisot Berthe,1890,Before the Mirror,female-nude,Impressionism,genre painting
berthe-morisot-bust-of-alice-gamby.jpg,Morisot Berthe,1890,Bust of Alice Gamby,female-portraits,Impressionism,portrait
berthe-morisot-girl-playing-the-mandolin.jpg,Morisot Berthe,1890,Girl Playing the Mandolin,NULL,Impressionism,genre painting
berthe-morisot-julie-manet-with-a-budgie.jpg,Morisot Berthe,1890,Julie Manet with a Budgie,"famous-people, female-portraits",Impressionism,portrait
berthe-morisot-julie-manet-reading-in-a-chaise-lounge.jpg,Morisot Berthe,1890,"Julie Manet, Reading in a Chaise Lounge","famous-people, female-portraits",Impressionism,genre painting
berthe-morisot-the-artist-s-daughter-with-a-parakeet.jpg,Morisot Berthe,1890,The Artist's Daughter with a Parakeet,female-portraits,Impressionism,portrait
berthe-morisot-the-bowl-of-milk.jpg,Morisot Berthe,1890,The Bowl of Milk,"fields-and-plains, food-and-beverages, forests-and-trees",Impressionism,genre painting
berthe-morisot-the-flageolet.jpg,Morisot Berthe,1890,The Flageolet,NULL,Impressionism,genre painting
berthe-morisot-bather.jpg,Morisot Berthe,1891,Bather,"rivers-and-waterfalls, boats-and-ships",Impressionism,genre painting
berthe-morisot-conversation.jpg,Morisot Berthe,1891,Conversation,female-portraits,Impressionism,genre painting
berthe-morisot-girl-gathering-cherries-1891.jpg,Morisot Berthe,1891,Girl gathering cherries,"gardens-and-parks, forests-and-trees",Impressionism,genre painting
berthe-morisot-haying-at-mezy.jpg,Morisot Berthe,1891,Haying at Mezy,"autumn, countryside, forests-and-trees",Impressionism,genre painting
berthe-morisot-shepherdess-resting-1891.jpg,Morisot Berthe,1891,Shepherdess Resting,"countryside, fields-and-plains, leisure-and-sleep",Impressionism,genre painting
berthe-morisot-the-cherry-picker-1891.jpg,Morisot Berthe,1891,The Cherry Picker,"flowers-and-plants, gardens-and-parks, forests-and-trees",Impressionism,genre painting
berthe-morisot-the-cherry-tree-study.jpg,Morisot Berthe,1891,The Cherry Tree (study),gardens-and-parks,Impressionism,genre painting
berthe-morisot-the-reclining-shepherdess.jpg,Morisot Berthe,1891,The Reclining Shepherdess,female-nude,Impressionism,nude painting (nu)
berthe-morisot-young-girl-with-a-bird.jpg,Morisot Berthe,1891,Young Girl with a Bird,female-portraits,Impressionism,portrait
berthe-morisot-young-woman-in-a-blue-blouse-1.jpg,Morisot Berthe,1891,Young Woman in a Blue Blouse,female-portraits,Impressionism,portrait
berthe-morisot-young-woman-in-a-hat-henriette-patte.jpg,Morisot Berthe,1891,Young Woman in a Hat (Henriette Patte),female-portraits,Impressionism,portrait
berthe-morisot-young-woman-in-a-rowboat-eventail.jpg,Morisot Berthe,1891,"Young Woman in a Rowboat, Eventail","rivers-and-waterfalls, boats-and-ships",Impressionism,genre painting
berthe-morisot-young-girl-in-white.jpg,Morisot Berthe,1891,Young Girl in White,female-portraits,Impressionism,portrait
berthe-morisot-boating-on-the-lake.jpg,Morisot Berthe,1892,Boating on the Lake,"boats-and-ships, lakes-and-ponds",Impressionism,genre painting
berthe-morisot-girl-with-dog-1.jpg,Morisot Berthe,1892,Girl with Dog,female-portraits,Impressionism,genre painting
berthe-morisot-julie-manet-with-a-straw-hat-1892.jpg,Morisot Berthe,1892,Julie Manet with a straw hat,"famous-people, female-portraits",Impressionism,portrait
berthe-morisot-little-girl-at-mesnil-1892.jpg,Morisot Berthe,1892,Little Girl at Mesnil,children portraits,Impressionism,portrait
berthe-morisot-lucie-leon-at-the-piano-1892.jpg,Morisot Berthe,1892,Lucie Leon at the Piano,children portraits,Impressionism,genre painting
berthe-morisot-the-bath-at-mesnil.jpg,Morisot Berthe,1892,The Bath at Mesnil,rivers-and-waterfalls,Impressionism,genre painting
berthe-morisot-two-nymphs-embracing.jpg,Morisot Berthe,1892,Two Nymphs Embracing,female-nude,Impressionism,mythological painting
berthe-morisot-woman-with-a-child-in-a-boat.jpg,Morisot Berthe,1892,Woman with a Child in a Boat,"rivers-and-waterfalls, boats-and-ships, leisure-and-sleep",Impressionism,genre painting
berthe-morisot-young-girl-with-cat-1892.jpg,Morisot Berthe,1892,Young Girl with Cat,female-portraits,Impressionism,portrait
berthe-morisot-young-girls-at-the-window-1892.jpg,Morisot Berthe,1892,Young Girls at the Window,female-portraits,Impressionism,genre painting
berthe-morisot-young-woman-holding-a-dog-in-her-arms.jpg,Morisot Berthe,1892,Young Woman Holding a Dog in Her Arms,female-portraits,Impressionism,genre painting
berthe-morisot-girl-with-greyhound.jpg,Morisot Berthe,1893,Girl with Greyhound,female-portraits,Impressionism,portrait
berthe-morisot-jeanne-pontillon-wearing-a-hat.jpg,Morisot Berthe,1893,Jeanne Pontillon Wearing a Hat,female-portraits,Impressionism,portrait
berthe-morisot-julie-manet-and-her-greyhound-laerte-1893.jpg,Morisot Berthe,1893,Julie Manet and her Greyhound Laerte,"famous-people, female-portraits",Impressionism,portrait
berthe-morisot-julie-playing-a-violin.jpg,Morisot Berthe,1893,Julie Playing a Violin,"famous-people, female-portraits",Impressionism,genre painting
berthe-morisot-portrait-of-two-children-1893.jpg,Morisot Berthe,1893,Portrait of Two Children,children portraits,Impressionism,portrait
berthe-morisot-studying-the-violin-1893.jpg,Morisot Berthe,1893,Studying the Violin,NULL,Impressionism,genre painting
berthe-morisot-the-violin.jpg,Morisot Berthe,1893,The Violin,NULL,Impressionism,genre painting
berthe-morisot-young-girl-lying.jpg,Morisot Berthe,1893,Young girl lying,female-portraits,Impressionism,genre painting
berthe-morisot-young-girl-with-a-fan-1893.jpg,Morisot Berthe,1893,Young Girl with a Fan,female-portraits,Impressionism,genre painting
berthe-morisot-young-girl-with-an-umbrella.jpg,Morisot Berthe,1893,Young Girl with an Umbrella,female-portraits,Impressionism,genre painting
berthe-morisot-choir-boy.jpg,Morisot Berthe,1894,Choir Boy,children portraits,Impressionism,portrait
berthe-morisot-jeannie-gobillard.jpg,Morisot Berthe,1894,Jeannie Gobillard,female-portraits,Impressionism,portrait
berthe-morisot-julie-daydreaming.jpg,Morisot Berthe,1894,Julie Daydreaming,"famous-people, female-portraits",Impressionism,portrait
berthe-morisot-on-the-beach-at-portrieux.jpg,Morisot Berthe,1894,On the Beach at Portrieux,"cliffs-and-rocks, leisure-and-sleep",Impressionism,genre painting
berthe-morisot-on-the-cliff-at-portrieux.jpg,Morisot Berthe,1894,On the Cliff at Portrieux,mountains,Impressionism,genre painting
berthe-morisot-roses.jpg,Morisot Berthe,1894,Roses,flowers-and-plants,Impressionism,flower painting
berthe-morisot-the-banks-of-the-seine.jpg,Morisot Berthe,1894,The Banks of the Seine,"rivers-and-waterfalls, boats-and-ships",Impressionism,genre painting
berthe-morisot-the-black-finger-bandage.jpg,Morisot Berthe,1894,The Black Finger Bandage,group-portraits,Impressionism,portrait
berthe-morisot-the-hairdresser.jpg,Morisot Berthe,1894,The Hairdresser,hygiene-and-cosmetics,Impressionism,genre painting
berthe-morisot-woman-and-child.jpg,Morisot Berthe,1894,Woman and Child,group-portraits,Impressionism,portrait
berthe-morisot-young-girl-resting.jpg,Morisot Berthe,1894,Young Girl Resting,female-portraits,Impressionism,portrait
berthe-morisot-young-woman-leaning-on-her-elbows.jpg,Morisot Berthe,1894,Young Woman Leaning on Her Elbows,female-portraits,Impressionism,portrait
berthe-morisot-at-the-exposition-palace.jpg,Morisot Berthe,unknown-year,At the Exposition Palace,"streets-and-squares, houses-and-buildings, palaces-and-mausoleums",Impressionism,genre painting
berthe-morisot-boulogne-wood.jpg,Morisot Berthe,unknown-year,Boulogne Wood,forests-and-trees,Impressionism,landscape
berthe-morisot-women-and-little-girls-in-a-natural-setting.jpg,Morisot Berthe,unknown-year,Women and Little Girls in a Natural Setting,leisure-and-sleep,Impressionism,genre painting
berthe-morisot-young-girl-putting-on-her-stockings.jpg,Morisot Berthe,unknown-year,Young Girl Putting on Her Stockings,female-portraits,Impressionism,genre painting
claude-monet-a-corner-of-the-studio.jpg,Monet Claude,1861,A Corner of the Studio,NULL,Realism,self-portrait
claude-monet-hauling-a-boat-ashore-honfleur.jpg,Monet Claude,1864,"Hauling a Boat Ashore, Honfleur","sunrise-and-sunset, Normandy, handwork",Impressionism,genre painting
claude-monet-road-in-a-forest-fontainebleau.jpg,Monet Claude,1864,Road in a Forest Fontainebleau,NULL,Impressionism,landscape
claude-monet-the-road-from-chailly-to-fontainebleau.jpg,Monet Claude,1864,The Road from Chailly to Fontainebleau,NULL,Realism,landscape
claude-monet-wooded-path-1865.jpg,Monet Claude,1865,Wooded Path,NULL,Impressionism,landscape
claude-monet-sailboats-1866.jpg,Monet Claude,1866,Sailboats,NULL,Impressionism,marina
claude-monet-jar-of-peaches.jpg,Monet Claude,1866,Jar Of Peaches,NULL,Impressionism,still life
claude-monet-sainte-adresse-fishing-boats-on-the-shore.jpg,Monet Claude,1867,"Sainte-Adresse, Fishing Boats on the Shore",NULL,Impressionism,landscape
claude-monet-stormy-seascape.jpg,Monet Claude,1867,Stormy Seascape,NULL,Impressionism,marina
claude-monet-the-garden-of-the-princess-1867.jpg,Monet Claude,1867,The Garden of the Princess,NULL,Realism,cityscape
claude-monet-fishing-boats-at-sea.jpg,Monet Claude,1868,Fishing Boats at Sea,NULL,Impressionism,marina
claude-monet-portrait-of-madame-gaudibert.jpg,Monet Claude,1868,Portrait of Madame Gaudibert,NULL,Realism,portrait
claude-monet-river-scene-at-bennecourt.jpg,Monet Claude,1868,River Scene at Bennecourt,NULL,Impressionism,genre painting
claude-monet-the-estuary-of-the-siene.jpg,Monet Claude,1868,The Estuary of the Siene,NULL,Impressionism,landscape
claude-monet-the-jetty-at-le-havre-1868.jpg,Monet Claude,1868,The Jetty at Le Havre,Normandy,Impressionism,cityscape
claude-monet-flowers-and-fruit.jpg,Monet Claude,1869,Flowers and Fruit,NULL,Impressionism,still life
claude-monet-rough-sea-at-etretat-1869.jpg,Monet Claude,1869,Rough Sea at Etretat,"storm-and-tempest, seas-and-oceans, Normandy",Impressionism,landscape
claude-monet-the-seine-at-bougival.jpg,Monet Claude,1869,The Seine at Bougival,NULL,Impressionism,landscape
claude-monet-the-grenouillere.jpg,Monet Claude,1869,The Grenouillere,NULL,Impressionism,genre painting
claude-monet-the-boardwalk-at-trouville.jpg,Monet Claude,1870,The Boardwalk at Trouville,"Normandy, Trouville",Impressionism,cityscape
claude-monet-boats-in-the-pool-of-london-1871.jpg,Monet Claude,1871,Boats in the Pool of London,NULL,Impressionism,cityscape
claude-monet-camille-sitting-on-the-beach-at-trouville-1871.jpg,Monet Claude,1871,Camille Sitting on the Beach at Trouville,female-portraits,Impressionism,portrait
claude-monet-meditation-madame-monet-sitting-on-a-sofa-1871.jpg,Monet Claude,1871,"Meditation, Madame Monet Sitting on a Sofa",NULL,Impressionism,portrait
claude-monet-the-blue-house-at-zaandam.jpg,Monet Claude,1871,The Blue House at Zaandam,NULL,Impressionism,cityscape
claude-monet-view-of-the-voorzaan-1871.jpg,Monet Claude,1871,View of the Voorzaan,NULL,Impressionism,cityscape
claude-monet-windmills-in-holland.jpg,Monet Claude,1871,Windmills in Holland,NULL,Impressionism,cityscape
claude-monet-zaandam-canal.jpg,Monet Claude,1871,"Zaandam, Canal",NULL,Impressionism,cityscape
claude-monet-a-woman-reading.jpg,Monet Claude,1872,A Woman Reading,NULL,Impressionism,genre painting
claude-monet-argenteuil-1.jpg,Monet Claude,1872,Argenteuil,NULL,Impressionism,landscape
claude-monet-argenteuil-seen-from-the-small-arm-of-the-seine-1.jpg,Monet Claude,1872,"Argenteuil, Seen from the Small Arm of the Seine",NULL,Impressionism,landscape
claude-monet-lilacs-in-the-sun.jpg,Monet Claude,1872,Lilacs in the Sun,NULL,Impressionism,landscape
claude-monet-regatta-at-argenteuil.jpg,Monet Claude,1872,Regatta at Argenteuil,NULL,Impressionism,landscape
claude-monet-seine-at-rouen-1872.jpg,Monet Claude,1872,Seine at Rouen,NULL,Impressionism,cityscape
claude-monet-the-boulevard-heloise-in-argenteuil.jpg,Monet Claude,1872,The Boulevard Heloise in Argenteuil,NULL,Impressionism,cityscape
claude-monet-the-bridge-under-repair-1872.jpg,Monet Claude,1872,The Bridge under Repair,NULL,Impressionism,cityscape
claude-monet-the-promenade-at-argenteuil-02.jpg,Monet Claude,1872,The Promenade at Argenteuil 02,NULL,Impressionism,landscape
claude-monet-the-stream-of-robec-at-rouen-1872.jpg,Monet Claude,1872,The Stream of Robec at Rouen,NULL,Impressionism,cityscape
claude-monet-the-tea-set.jpg,Monet Claude,1872,The Tea Set,NULL,Impressionism,still life
claude-monet-the-train.jpg,Monet Claude,1872,The Train,NULL,Impressionism,landscape
claude-monet-the-wooden-bridge.jpg,Monet Claude,1872,The Wooden Bridge,NULL,Impressionism,cityscape
claude-monet-apple-trees-in-bloom.jpg,Monet Claude,1873,Apple Trees in Bloom,NULL,Impressionism,landscape
claude-monet-camille-and-jean-monet-in-the-garden-at-argenteuil.jpg,Monet Claude,1873,Camille and Jean Monet in the Garden at Argenteuil,NULL,Impressionism,genre painting
claude-monet-pleasure-boats-argenteuil-c-1872-3-oil-on-canvas.jpg,Monet Claude,1873,"Pleasure Boats, Argenteuil, c.1872-3 (oil on canvas)",NULL,Impressionism,landscape
claude-monet-railway-bridge-at-argenteuil-1873.jpg,Monet Claude,1873,Railway Bridge at Argenteuil,NULL,Impressionism,landscape
claude-monet-the-garden-of-monet-at-argenteuil.jpg,Monet Claude,1873,The Garden of Monet at Argenteuil,NULL,Impressionism,landscape
claude-monet-view-of-le-havre-1873.jpg,Monet Claude,1873,View of Le Havre,"boats-and-ships, Normandy",Impressionism,cityscape
claude-monet-monet-s-garden-in-argenteuil-sun.jpg,Monet Claude,1873,Monet's garden in Argenteuil Sun,NULL,Impressionism,landscape
claude-monet-fishing-boats-leaving-the-harbor-le-havre.jpg,Monet Claude,1874,"Fishing Boats Leaving the Harbor, Le Havre","boats-and-ships, moles-and-embankments, Normandy",Impressionism,cityscape
claude-monet-sailboat-at-le-petit-gennevilliers.jpg,Monet Claude,1874,Sailboat at Le Petit-Gennevilliers,NULL,Impressionism,landscape
claude-monet-snow-at-argenteuil.jpg,Monet Claude,1874,Snow at Argenteuil,NULL,Impressionism,landscape
claude-monet-the-bridge-at-argenteuil.jpg,Monet Claude,1874,The Bridge at Argenteuil,NULL,Impressionism,cityscape
claude-monet-the-bridge-over-the-seine.jpg,Monet Claude,1874,The Bridge over the Seine,NULL,Impressionism,cityscape
claude-monet-the-seine-at-argenteuil.jpg,Monet Claude,1874,The Seine at Argenteuil,NULL,Impressionism,landscape
claude-monet-view-of-the-old-outer-harbor-at-le-havre.jpg,Monet Claude,1874,View of the Old Outer Harbor at Le Havre,"moles-and-embankments, Normandy",Impressionism,cityscape
claude-monet-zaandam-the-dike.jpg,Monet Claude,1874,"Zaandam, The Dike",NULL,Impressionism,cityscape
claude-monet-argenteuil-1875.jpg,Monet Claude,1875,Argenteuil,NULL,Impressionism,landscape
claude-monet-madame-monet-embroidering-1875.jpg,Monet Claude,1875,Madame Monet Embroidering,NULL,Impressionism,portrait
claude-monet-snow-effect-with-setting-sun-1875.jpg,Monet Claude,1875,Snow Effect with Setting Sun,NULL,Impressionism,cityscape
claude-monet-snow-effect-the-boulevard-de-pontoise-at-argenteuil.jpg,Monet Claude,1875,"Snow Effect, The Boulevard de Pontoise at Argenteuil",NULL,Impressionism,cityscape
claude-monet-snow-scene-at-argenteuil.jpg,Monet Claude,1875,Snow Scene at Argenteuil,NULL,Impressionism,landscape
claude-monet-spring-1875.jpg,Monet Claude,1875,Spring,NULL,Impressionism,landscape
claude-monet-view-of-argenteuil-in-the-snow.jpg,Monet Claude,1875,View of Argenteuil in the Snow,NULL,Impressionism,cityscape
claude-monet-camille-with-green-parasol.jpg,Monet Claude,1876,Camille with Green Parasol,NULL,Impressionism,portrait
claude-monet-japan-s-camille-monet-in-japanese-costume-1876.jpg,Monet Claude,1876,Japan's (Camille Monet in Japanese Costume),NULL,Japonism,portrait
claude-monet-relaxing-in-the-garden-argenteuil.jpg,Monet Claude,1876,"Relaxing in the Garden, Argenteuil",NULL,Impressionism,genre painting
claude-monet-the-banks-of-the-seine-in-autumn.jpg,Monet Claude,1876,The Banks of The Seine in Autumn,NULL,Impressionism,landscape
claude-monet-the-beach-at-saint-adresse.jpg,Monet Claude,1876,The Beach at Saint-Adresse,NULL,Impressionism,landscape
claude-monet-the-pond-at-montgeron-2.jpg,Monet Claude,1876,The Pond at Montgeron 2,NULL,Impressionism,landscape
claude-monet-the-turkeys.jpg,Monet Claude,1876,The Turkeys,NULL,Impressionism,animal painting
claude-monet-a-corner-of-the-garden-at-montgeron-1877.jpg,Monet Claude,1877,A Corner of the Garden at Montgeron,NULL,Impressionism,landscape
claude-monet-portrait-of-germaine-hoschede-with-a-doll-1877.jpg,Monet Claude,1877,Portrait of Germaine Hoschede with a Doll,NULL,Impressionism,portrait
claude-monet-saint-lazare-station-arrival-of-a-train.jpg,Monet Claude,1877,"Saint-Lazare Station, Arrival of a Train",NULL,Impressionism,cityscape
claude-monet-the-garden-hollyhocks.jpg,Monet Claude,1877,"The Garden, Hollyhocks",NULL,Impressionism,genre painting
claude-monet-bouquet-of-gadiolas-lilies-and-dasies.jpg,Monet Claude,1878,"Bouquet of Gadiolas, Lilies and Dasies",NULL,Impressionism,flower painting
claude-monet-morning-on-the-seine-near-vetheuil.jpg,Monet Claude,1878,"Morning on the Seine, near Vetheuil",NULL,Impressionism,landscape
claude-monet-park-monceau-1.jpg,Monet Claude,1878,Park Monceau,NULL,Impressionism,genre painting
claude-monet-small-branch-of-the-seine-1878.jpg,Monet Claude,1878,Small Branch of the Seine,NULL,Impressionism,landscape
claude-monet-the-arm-of-the-seine.jpg,Monet Claude,1878,The Arm of the Seine,NULL,Impressionism,landscape
claude-monet-the-banks-of-the-seine-ile-de-la-grande-jatte.jpg,Monet Claude,1878,"The Banks of the Seine, Ile de la Grande-Jatte",NULL,Impressionism,landscape
claude-monet-the-banks-of-the-seine-lavacourt-02.jpg,Monet Claude,1878,"The Banks of the Seine, Lavacourt 02",NULL,Impressionism,landscape
claude-monet-the-village-of-lavacourt.jpg,Monet Claude,1878,The Village of Lavacourt,NULL,Impressionism,landscape
claude-monet-poppy-field-near-vetheuil.jpg,Monet Claude,1879,Poppy Field near Vetheuil,NULL,Impressionism,landscape
claude-monet-still-life-with-apples-and-grapes.jpg,Monet Claude,1879,Still Life with  Apples And Grapes,NULL,Impressionism,still life
claude-monet-the-road-in-vetheuil-in-winter.jpg,Monet Claude,1879,The Road in Vetheuil in Winter,NULL,Impressionism,cityscape
claude-monet-vetheuil-in-the-fog-1879.jpg,Monet Claude,1879,Vetheuil in the Fog,NULL,Impressionism,landscape
claude-monet-vetheuil-flowering-plum-trees.jpg,Monet Claude,1879,"Vetheuil, Flowering Plum Trees",NULL,Impressionism,landscape
claude-monet-meadow.jpg,Monet Claude,1879,Meadow,NULL,Impressionism,landscape
claude-monet-the-road-to-vetheuil-snow-effect.jpg,Monet Claude,1879,"The Road to Vertheuil, Snow Effect",NULL,Impressionism,landscape
claude-monet-apple-trees-in-blossom-by-the-water.jpg,Monet Claude,1880,Apple Trees in Blossom by the Water,NULL,Impressionism,landscape
claude-monet-floating-ice-on-the-seine-02.jpg,Monet Claude,1880,Floating Ice on the Seine 02,NULL,Impressionism,landscape
claude-monet-late-afternoon-in-vetheuil.jpg,Monet Claude,1880,Late Afternoon in Vetheuil,NULL,Impressionism,landscape
claude-monet-springtime-1.jpg,Monet Claude,1880,Springtime,NULL,Impressionism,landscape
claude-monet-the-willows.jpg,Monet Claude,1880,The Willows,NULL,Impressionism,landscape
claude-monet-vetheuil-3.jpg,Monet Claude,1880,Vetheuil,NULL,Impressionism,landscape
claude-monet-vetheuil-the-small-arm-of-the-seine.jpg,Monet Claude,1880,"Vetheuil, The Small Arm of the Seine",NULL,Impressionism,landscape
claude-monet-winter-on-the-seine-lavacourt-1880.jpg,Monet Claude,1880,"Winter on the Seine, Lavacourt",NULL,Impressionism,landscape
claude-monet-woman-sitting-under-the-willows.jpg,Monet Claude,1880,Woman Sitting under the Willows,NULL,Impressionism,landscape
claude-monet-boat-at-low-tide-at-fecamp.jpg,Monet Claude,1881,Boat at Low Tide at Fecamp,"boats-and-ships, Normandy, Fecamp",Impressionism,cityscape
claude-monet-gladiolus-1.jpg,Monet Claude,1881,Gladiolus,NULL,Impressionism,flower painting
claude-monet-on-the-cliff-at-fecamp.jpg,Monet Claude,1881,On the Cliff at Fecamp,"Normandy, Fecamp",Impressionism,landscape
claude-monet-the-garden-gate-at-vetheuil-1.jpg,Monet Claude,1881,The Garden Gate at Vetheuil,NULL,Impressionism,landscape
claude-monet-the-steps-at-vetheuil.jpg,Monet Claude,1881,The Steps at Vetheuil,NULL,Impressionism,landscape
claude-monet-vetheuil-ice-floes.jpg,Monet Claude,1881,"Vetheuil, Ice Floes",NULL,Impressionism,cityscape
claude-monet-alley-near-pourville.jpg,Monet Claude,1882,Alley near Pourville,NULL,Impressionism,landscape
claude-monet-cliff-at-dieppe.jpg,Monet Claude,1882,Cliff at Dieppe,"Normandy, cliffs-and-rocks",Impressionism,landscape
claude-monet-cliffs-near-dieppe.jpg,Monet Claude,1882,Cliffs near Dieppe,"Normandy, cliffs-and-rocks",Impressionism,landscape
claude-monet-cliffs-walk-at-pourville.jpg,Monet Claude,1882,Cliffs Walk at Pourville,NULL,Impressionism,landscape
claude-monet-customs-house.jpg,Monet Claude,1882,Customs House,NULL,Impressionism,landscape
claude-monet-fisherman-s-house-at-varengeville.jpg,Monet Claude,1882,Fisherman's House at Varengeville,NULL,Impressionism,landscape
claude-monet-fishing-boats-at-pourville.jpg,Monet Claude,1882,Fishing Boats at Pourville,NULL,Impressionism,marina
claude-monet-head-of-the-dog.jpg,Monet Claude,1882,Head of the Dog,NULL,Impressionism,animal painting
claude-monet-path-at-pourville-02.jpg,Monet Claude,1882,Path at Pourville 02,NULL,Impressionism,landscape
claude-monet-pourville-near-dieppe.jpg,Monet Claude,1882,"Pourville, near Dieppe",Normandy,Impressionism,landscape
claude-monet-rising-tide-at-pourville-1882.jpg,Monet Claude,1882,Rising Tide at Pourville,NULL,Impressionism,landscape
claude-monet-shadows-on-the-sea-at-pourville.jpg,Monet Claude,1882,Shadows on the Sea at Pourville,NULL,Impressionism,landscape
claude-monet-the-church-at-varengeville-1882.jpg,Monet Claude,1882,The Church at Varengeville,NULL,Impressionism,landscape
claude-monet-the-effect-of-fog-near-dieppe.jpg,Monet Claude,1882,The Effect of Fog near Dieppe,"rain-and-fog, Normandy, cliffs-and-rocks",Impressionism,landscape
claude-monet-the-manneport.jpg,Monet Claude,1882,The Manneport,NULL,Impressionism,landscape
claude-monet-the-nets-1882.jpg,Monet Claude,1882,The Nets,NULL,Impressionism,landscape
claude-monet-the-valley-of-the-scie-at-pouville.jpg,Monet Claude,1882,The Valley of the Scie at Pouville,NULL,Impressionism,landscape
claude-monet-the-lindens-of-poissy.jpg,Monet Claude,1882,The Lindens of Poissy,NULL,Impressionism,cityscape
claude-monet-boats-in-the-port-of-le-havre-1883.jpg,Monet Claude,1883,Boats in the Port of Le Havre,"boats-and-ships, Normandy",Impressionism,cityscape
claude-monet-boats-on-the-beach.jpg,Monet Claude,1883,Boats on the Beach,NULL,Impressionism,landscape
claude-monet-christmas-roses.jpg,Monet Claude,1883,Christmas Roses,NULL,Impressionism,flower painting
claude-monet-cobeas.jpg,Monet Claude,1883,Cobeas,NULL,Impressionism,flower painting
claude-monet-dahlias-2.jpg,Monet Claude,1883,Dahlias 2,NULL,Impressionism,flower painting
claude-monet-purple-poppies.jpg,Monet Claude,1883,Purple Poppies,NULL,Impressionism,flower painting
claude-monet-red-azaleas-in-a-pot.jpg,Monet Claude,1883,Red azaleas in a Pot,NULL,Impressionism,flower painting
claude-monet-at-les-petit-dalles.jpg,Monet Claude,1884,At Les Petit-Dalles,NULL,Impressionism,landscape
claude-monet-banks-of-the-seine-at-jenfosse-clear-weather.jpg,Monet Claude,1884,Banks of the Seine at Jenfosse - Clear Weather,NULL,Impressionism,landscape
claude-monet-burgo-marina-at-bordighera.jpg,Monet Claude,1884,Burgo Marina at Bordighera,NULL,Impressionism,cityscape
claude-monet-cap-martin-2.jpg,Monet Claude,1884,Cap Martin 2,NULL,Impressionism,landscape
claude-monet-cap-martin-3.jpg,Monet Claude,1884,Cap Martin 3,NULL,Impressionism,landscape
claude-monet-cliffs-of-les-petites-dalles-2.jpg,Monet Claude,1884,Cliffs of Les Petites-Dalles,NULL,Impressionism,landscape
claude-monet-garden-in-bordighera-impression-of-morning-1884.jpg,Monet Claude,1884,"Garden in Bordighera, Impression of Morning",NULL,Impressionism,landscape
claude-monet-strada-romada-in-bordighera.jpg,Monet Claude,1884,Strada Romada in Bordighera,NULL,Impressionism,landscape
claude-monet-basket-of-graphes-quinces-and-pears-1885.jpg,Monet Claude,1885,"Basket of Graphes, Quinces and Pears",NULL,Impressionism,still life
claude-monet-cliffs-at-amont.jpg,Monet Claude,1885,Cliffs at Amont,NULL,Impressionism,landscape
claude-monet-cliffs-of-the-porte-d-aval.jpg,Monet Claude,1885,Cliffs of the Porte d'Aval,"Normandy, cliffs-and-rocks",Impressionism,landscape
claude-monet-etretat-cliff-of-d-aval-sunset.jpg,Monet Claude,1885,"Etretat, Cliff of d`Aval, Sunset","sunrise-and-sunset, Normandy, cliffs-and-rocks",Impressionism,landscape
claude-monet-etretat-the-needle-rock-and-porte-d-aval.jpg,Monet Claude,1885,"Etretat, the Needle Rock and Porte d'Aval","Normandy, cliffs-and-rocks",Impressionism,landscape
claude-monet-meadow-with-haystacks-near-giverny.jpg,Monet Claude,1885,Meadow with Haystacks near Giverny,NULL,Impressionism,landscape
claude-monet-road-near-giverny-02.jpg,Monet Claude,1885,Road near Giverny 02,NULL,Impressionism,landscape
claude-monet-rocks-at-falaise-near-giverny.jpg,Monet Claude,1885,Rocks at Falaise near Giverny,NULL,Impressionism,landscape
claude-monet-the-banks-of-the-river-epte-in-springtime.jpg,Monet Claude,1885,The Banks of the River Epte in Springtime,NULL,Impressionism,landscape
claude-monet-the-manneport-at-high-tide.jpg,Monet Claude,1885,The Manneport at High Tide,NULL,Impressionism,landscape
claude-monet-the-manneport-seen-from-the-east.jpg,Monet Claude,1885,The Manneport Seen from the East,NULL,Impressionism,landscape
claude-monet-the-road-to-giverny.jpg,Monet Claude,1885,The Road to Giverny,NULL,Impressionism,landscape
claude-monet-the-rock-needle-and-the-porte-d-aval.jpg,Monet Claude,1885,The Rock Needle and the Porte d'Aval,"Normandy, cliffs-and-rocks",Impressionism,landscape
claude-monet-white-azaleas-in-a-pot.jpg,Monet Claude,1885,White Azaleas in a Pot,NULL,Impressionism,flower painting
claude-monet-willows-in-springtime.jpg,Monet Claude,1885,Willows in Springtime,NULL,Impressionism,landscape
claude-monet-winter-landscape-at-the-val-de-falaise.jpg,Monet Claude,1885,Winter Landscape at the Val de Falaise,NULL,Impressionism,landscape
claude-monet-belle-ile-rain-effect.jpg,Monet Claude,1886,"Belle-Ile, Rain Effect","islands-and-bays, cliffs-and-rocks, Belle-Île",Impressionism,landscape
claude-monet-group-of-rocks-at-port-goulphar.jpg,Monet Claude,1886,Group of Rocks at Port-Goulphar,NULL,Impressionism,landscape
claude-monet-portrait-of-poly-fisherman-at-kervillaouen.jpg,Monet Claude,1886,"Portrait of Poly, fisherman at Kervillaouen",NULL,Impressionism,portrait
claude-monet-rocky-point-at-port-goulphar.jpg,Monet Claude,1886,Rocky Point at Port-Goulphar,NULL,Impressionism,landscape
claude-monet-the-pyramids-at-port-coton.jpg,Monet Claude,1886,The Pyramids at Port-Coton,NULL,Impressionism,landscape
claude-monet-tulip-field-in-holland.jpg,Monet Claude,1886,Tulip Field in Holland,NULL,Impressionism,landscape
claude-monet-two-trees-in-a-meadow.jpg,Monet Claude,1886,Two Trees in a Meadow,NULL,Impressionism,landscape
claude-monet-winter-at-giverny-1.jpg,Monet Claude,1886,Winter at Giverny,NULL,Impressionism,landscape
claude-monet-woman-with-a-parasol-facing-right-also-known-as-study-of-a-figure-outdoors-facing-right.jpg,Monet Claude,1886,"Woman with a Parasol, Facing Right (also known as Study of a Figure Outdoors (Facing Right))",NULL,Impressionism,portrait
claude-monet-the-rocks-of-belle-lle.jpg,Monet Claude,1886,The rocks of Belle-Ile,"islands-and-bays, cliffs-and-rocks, Belle-Île",Impressionism,landscape
claude-monet-in-the-woods-at-giverny-blanche-hoschede.jpg,Monet Claude,1887,In The Woods At Giverny Blanche Hoschede,NULL,Impressionism,genre painting
claude-monet-path-in-the-fog.jpg,Monet Claude,1887,Path in the Fog,NULL,Impressionism,landscape
claude-monet-the-row-boat.jpg,Monet Claude,1887,The Row Boat,NULL,Impressionism,landscape
claude-monet-antibes-view-of-the-salis-gardens.jpg,Monet Claude,1888,Antibes - View of the Salis Gardens,NULL,Impressionism,landscape
claude-monet-haystacks-at-giverny-the-evening-sun.jpg,Monet Claude,1888,"Haystacks at Giverny, the Evening Sun",NULL,Impressionism,landscape
claude-monet-meadows-in-giverny-1888.jpg,Monet Claude,1888,Meadows in Giverny,NULL,Impressionism,landscape
claude-monet-mediteranian-coast-grey-day.jpg,Monet Claude,1888,"Mediteranian Coast, Grey Day",NULL,Impressionism,landscape
claude-monet-the-big-blue-at-antibes.jpg,Monet Claude,1888,The Big Blue at Antibes,NULL,Impressionism,landscape
claude-monet-the-big-blue-meditarranean-at-antibes.jpg,Monet Claude,1888,The Big Blue Meditarranean at Antibes,NULL,Impressionism,landscape
claude-monet-the-esterel-mountains.jpg,Monet Claude,1888,The Esterel Mountains,NULL,Impressionism,landscape
claude-monet-the-sea-and-the-alps.jpg,Monet Claude,1888,The Sea and the Alps,"Alps, mountains",Impressionism,marina
claude-monet-view-of-cap-d-antibes.jpg,Monet Claude,1888,View of Cap d'Antibes,NULL,Impressionism,landscape
claude-monet-the-mill-at-vervy.jpg,Monet Claude,1889,The Mill at Vervy,NULL,Impressionism,landscape
claude-monet-the-old-tree-sunlight-on-the-petit-cruese.jpg,Monet Claude,1889,"The Old Tree, Sunlight on the Petit Cruese",NULL,Impressionism,landscape
claude-monet-valley-of-the-creuse-sunset-2.jpg,Monet Claude,1889,"Valley of the Creuse, Sunset","sunrise-and-sunset, rivers-and-waterfalls, Limousin, Creuse",Impressionism,landscape
claude-monet-springtime-in-giverny.jpg,Monet Claude,1890,Springtime in Giverny,NULL,Impressionism,landscape
claude-monet-grainstacks-in-the-morning-snow-effect.jpg,Monet Claude,1891,"Grainstacks in the Morning, Snow Effect",NULL,Impressionism,landscape
claude-monet-grainstacks-snow-effect-1891.jpg,Monet Claude,1891,"Grainstacks, Snow Effect",NULL,Impressionism,landscape
claude-monet-poplars.jpg,Monet Claude,1891,Poplars,NULL,Impressionism,landscape
claude-monet-poplars-autumn-pink-effect.jpg,Monet Claude,1891,"Poplars, Autumn, Pink Effect",NULL,Impressionism,landscape
claude-monet-three-trees-in-grey-weather.jpg,Monet Claude,1891,Three Trees in Grey Weather,NULL,Impressionism,landscape
claude-monet-poplars-on-the-banks-of-the-river-epte-seen-from-the-marsh-1892.jpg,Monet Claude,1892,"Poplars on the Banks of the River Epte, Seen from the Marsh",NULL,Impressionism,landscape
claude-monet-rouen-cathedral-study-of-the-portal.jpg,Monet Claude,1892,"Rouen Cathedral, Study of the Portal",NULL,Impressionism,cityscape
claude-monet-church-at-jeufosse-snowy-weather.jpg,Monet Claude,1893,"Church at Jeufosse, Snowy Weather",NULL,Impressionism,landscape
claude-monet-floating-ice-near-bennecourt.jpg,Monet Claude,1893,Floating Ice near Bennecourt,NULL,Impressionism,landscape
claude-monet-ice-floes-misty-morning.jpg,Monet Claude,1894,"Ice Floes, Misty Morning",NULL,Impressionism,landscape
claude-monet-rouen-cathedral-01.jpg,Monet Claude,1894,Rouen Cathedral 01,NULL,Impressionism,cityscape
claude-monet-rouen-cathedral-in-the-fog.jpg,Monet Claude,1894,Rouen Cathedral in the Fog,NULL,Impressionism,cityscape
claude-monet-rouen-cathedral-the-portal-morning-effect.jpg,Monet Claude,1894,"Rouen Cathedral, the Portal, Morning Effect",NULL,Impressionism,cityscape
claude-monet-springtime-meadow-at-giverny.jpg,Monet Claude,1894,Springtime. Meadow at Giverny,NULL,Impressionism,landscape
claude-monet-the-seine-at-port-villez-pink-effect.jpg,Monet Claude,1894,"The Seine at Port-Villez, Pink Effect",NULL,Impressionism,landscape
claude-monet-the-siene-near-vernon.jpg,Monet Claude,1894,The Siene near Vernon,NULL,Impressionism,landscape
claude-monet-in-the-garden-1.jpg,Monet Claude,1895,In the Garden,NULL,Impressionism,genre painting
claude-monet-mount-kolsaas-3.jpg,Monet Claude,1895,Mount Kolsaas 3,NULL,Impressionism,landscape
claude-monet-mount-kolsaas-rose-reflection.jpg,Monet Claude,1895,"Mount Kolsaas, Rose Reflection",NULL,Impressionism,landscape
claude-monet-cliff-at-petit-ailly.jpg,Monet Claude,1896,Cliff at Petit Ailly,NULL,Impressionism,landscape
claude-monet-cliff-at-petit-ailly-at-varengeville.jpg,Monet Claude,1896,"Cliff at Petit Ailly, at Varengeville",NULL,Impressionism,landscape
claude-monet-morning-on-the-seine-02.jpg,Monet Claude,1896,Morning on the Seine 02,NULL,Impressionism,landscape
claude-monet-at-val-saint-nicolas-near-dieppe.jpg,Monet Claude,1897,"At Val Saint-Nicolas, near Dieppe","Normandy, cliffs-and-rocks",Impressionism,landscape
claude-monet-cliff-near-dieppe-2.jpg,Monet Claude,1897,Cliff near Dieppe,"Normandy, cliffs-and-rocks",Impressionism,landscape
claude-monet-heavy-sea-at-pourville.jpg,Monet Claude,1897,Heavy Sea at Pourville,NULL,Impressionism,landscape
claude-monet-ice-on-the-siene-at-bennecourt.jpg,Monet Claude,1897,Ice on the Siene at Bennecourt,NULL,Impressionism,landscape
claude-monet-islands-at-port-villez-1897.jpg,Monet Claude,1897,Islands at Port-Villez,NULL,Impressionism,landscape
claude-monet-morning-on-the-seine-02-1.jpg,Monet Claude,1897,Morning on the Seine 02,NULL,Impressionism,landscape
claude-monet-morning-on-the-seine-clear-weather-02.jpg,Monet Claude,1897,"Morning on the Seine, Clear Weather 02",NULL,Impressionism,landscape
claude-monet-charing-cross-bridge.jpg,Monet Claude,1899,Charing Cross Bridge,NULL,Impressionism,landscape
claude-monet-water-lilies-1899.jpg,Monet Claude,1899,Water Lilies,NULL,Impressionism,flower painting
claude-monet-water-lilies-pink-1899.jpg,Monet Claude,1899,"Water Lilies, Pink",NULL,Impressionism,flower painting
claude-monet-giverny-in-springtime-1900.jpg,Monet Claude,1900,Giverny in Springtime,NULL,Impressionism,landscape
claude-monet-boats-on-the-thames-fog-effect.jpg,Monet Claude,1901,"Boats on the Thames, Fog Effect",NULL,Impressionism,landscape
claude-monet-boats-on-the-thames-london.jpg,Monet Claude,1901,"Boats on the Thames, London",NULL,Impressionism,landscape
claude-monet-leicester-square-at-night.jpg,Monet Claude,1901,Leicester Square at Night,NULL,Impressionism,cityscape
claude-monet-vetheuil-1901.jpg,Monet Claude,1901,Vetheuil,NULL,Impressionism,landscape
claude-monet-vetheuil-barge-on-the-seine-1902.jpg,Monet Claude,1902,"Vetheuil, Barge on the Seine",NULL,Impressionism,landscape
claude-monet-charing-cross-bridge-the-thames-02.jpg,Monet Claude,1903,"Charing Cross Bridge, The Thames 02",NULL,Impressionism,cityscape
claude-monet-houses-of-parliament-in-winter.jpg,Monet Claude,1903,Houses of Parliament in Winter,NULL,Impressionism,cityscape
claude-monet-water-lilies-2.jpg,Monet Claude,1903,Water Lilies,NULL,Impressionism,flower painting
claude-monet-water-lilies-the-clouds.jpg,Monet Claude,1903,"Water Lilies, The Clouds",NULL,Impressionism,flower painting
claude-monet-waterloo-bridge-effect-of-the-sun.jpg,Monet Claude,1903,"Waterloo Bridge, Effect of the Sun",NULL,Impressionism,cityscape
claude-monet-water-lilies-3.jpg,Monet Claude,1904,Water Lilies,NULL,Impressionism,flower painting
claude-monet-water-lilies-4.jpg,Monet Claude,1904,Water Lilies,NULL,Impressionism,flower painting
claude-monet-water-lilies-5.jpg,Monet Claude,1904,Water Lilies,NULL,Impressionism,flower painting
claude-monet-water-lilies-13.jpg,Monet Claude,1906,Water Lilies,NULL,Impressionism,flower painting
claude-monet-water-lilies-15.jpg,Monet Claude,1906,Water Lilies,NULL,Impressionism,flower painting
claude-monet-water-lilies-1907.jpg,Monet Claude,1907,Water Lilies,NULL,Impressionism,flower painting
claude-monet-water-lilies-17.jpg,Monet Claude,1907,Water Lilies,NULL,Impressionism,flower painting
claude-monet-water-lilies-24.jpg,Monet Claude,1907,Water Lilies,NULL,Impressionism,flower painting
claude-monet-gondola-in-venice.jpg,Monet Claude,1908,Gondola in Venice,NULL,Impressionism,cityscape
claude-monet-palazzo-dario-1908.jpg,Monet Claude,1908,Palazzo Dario,NULL,Impressionism,cityscape
claude-monet-rio-della-salute-03.jpg,Monet Claude,1908,Rio della Salute,NULL,Impressionism,cityscape
claude-monet-san-giorgio-maggiore-3.jpg,Monet Claude,1908,San Giorgio Maggiore 3,NULL,Impressionism,cityscape
claude-monet-the-grand-canal-03.jpg,Monet Claude,1908,The Grand Canal 03,NULL,Impressionism,cityscape
claude-monet-the-grand-canal-in-venice-01.jpg,Monet Claude,1908,The Grand Canal in Venice 01,NULL,Impressionism,cityscape
claude-monet-the-palazzo-ducale.jpg,Monet Claude,1908,The Palazzo Ducale,NULL,Impressionism,cityscape
claude-monet-the-red-house.jpg,Monet Claude,1908,The Red House,NULL,Impressionism,cityscape
claude-monet-water-lilies-33.jpg,Monet Claude,1908,Water Lilies,NULL,Impressionism,flower painting
claude-monet-water-lilies-35.jpg,Monet Claude,1908,Water Lilies,NULL,Impressionism,flower painting
claude-monet-rose-flowered-arches-at-giverny.jpg,Monet Claude,1913,Rose Flowered Arches at Giverny,NULL,Impressionism,landscape
claude-monet-water-lilies-38.jpg,Monet Claude,1914,Water Lilies,NULL,Impressionism,flower painting
claude-monet-water-lilies-39.jpg,Monet Claude,1914,Water Lilies,NULL,Impressionism,flower painting
claude-monet-hamerocallis-1917.jpg,Monet Claude,1917,Hamerocallis,NULL,Impressionism,flower painting
claude-monet-the-yellow-irises-1917.jpg,Monet Claude,1917,The Yellow Irises,NULL,Impressionism,flower painting
claude-monet-water-lilies-1917-7.jpg,Monet Claude,1917,Water Lilies,NULL,Impressionism,flower painting
claude-monet-water-lilies-yellow-and-lilac-1917.jpg,Monet Claude,1917,"Water Lilies, Yellow and Lilac",NULL,Impressionism,flower painting
claude-monet-yellow-irises-3-1917.jpg,Monet Claude,1917,Yellow Irises,NULL,Impressionism,flower painting
claude-monet-yellow-irises-and-malva-1917.jpg,Monet Claude,1917,Yellow Irises and Malva,NULL,Impressionism,flower painting
claude-monet-water-lily-pond-2.jpg,Monet Claude,1918,Water Lily Pond,NULL,Impressionism,flower painting
claude-monet-water-lilies-1919-5.jpg,Monet Claude,1919,Water Lilies,NULL,Impressionism,flower painting
claude-monet-water-lilies-42.jpg,Monet Claude,1919,Water Lilies,NULL,Impressionism,flower painting
claude-monet-water-lilies-45.jpg,Monet Claude,1919,Water Lilies,NULL,Impressionism,flower painting
claude-monet-water-lilies-reflection-of-a-weeping-willows-1919.jpg,Monet Claude,1919,"Water Lilies, Reflection of a Weeping Willows",NULL,Impressionism,flower painting
claude-monet-water-lilies-reflections-of-weeping-willows-left-half-1919.jpg,Monet Claude,1919,"Water Lilies, Reflections of Weeping Willows (left half)",NULL,Impressionism,flower painting
claude-monet-water-lilies-reflections-of-weeping-willows-right-half-1919.jpg,Monet Claude,1919,"Water Lilies, Reflections of Weeping Willows (right half)",NULL,Impressionism,flower painting
claude-monet-water-lily-pond-1919-2.jpg,Monet Claude,1919,Water Lily Pond,NULL,Impressionism,flower painting
claude-monet-wisteria-left-half-1919.jpg,Monet Claude,1919,Wisteria (left half),NULL,Impressionism,flower painting
claude-monet-the-japanese-bridge-2.jpg,Monet Claude,1919,The Japanese Bridge,NULL,Impressionism,landscape
claude-monet-water-lily-pond-3.jpg,Monet Claude,1919,Water Lily Pond,NULL,Impressionism,flower painting
claude-monet-wisteria-right-half-1920.jpg,Monet Claude,1920,Wisteria (right half),NULL,Impressionism,flower painting
claude-monet-path-under-the-rose-arches-giverny-1922.jpg,Monet Claude,1922,"Path under the Rose Arches, Giverny",NULL,Impressionism,landscape
claude-monet-path-under-the-rose-trellises-giverny-1922-1.jpg,Monet Claude,1922,"Path under the Rose Trellises, Giverny",NULL,Impressionism,landscape
claude-monet-weeping-willow-1922.jpg,Monet Claude,1922,Weeping Willow,NULL,Impressionism,landscape
claude-monet-weeping-willow-giverny-1922-1.jpg,Monet Claude,1922,"Weeping Willow, Giverny",NULL,Impressionism,landscape
claude-monet-path-under-the-rose-trellises-1924.jpg,Monet Claude,1924,Path under the Rose Trellises,NULL,Impressionism,landscape
claude-monet-the-house-at-giverny-viewed-from-the-rose-garden-1924.jpg,Monet Claude,1924,The House at Giverny Viewed from the Rose Garden,NULL,Impressionism,landscape
claude-monet-the-japanese-bridge-4-1924.jpg,Monet Claude,1924,The Japanese Bridge 4,NULL,Impressionism,landscape
claude-monet-the-japanese-bridge-5-1924.jpg,Monet Claude,1924,The Japanese Bridge 5,NULL,Impressionism,landscape
claude-monet-the-japanese-bridge-7-1924.jpg,Monet Claude,1924,The Japanese Bridge 7,NULL,Impressionism,landscape
claude-monet-the-house-seen-through-the-roses.jpg,Monet Claude,1925,The House Seen through the Roses,NULL,Impressionism,landscape
claude-monet-the-japanese-bridge-at-giverny-1926.jpg,Monet Claude,1926,The Japanese Bridge at Giverny,NULL,Impressionism,landscape
claude-monet-water-lilies-1926.jpg,Monet Claude,1926,Water Lilies,NULL,Impressionism,flower painting
claude-monet-water-lilies-1926-1.jpg,Monet Claude,1926,Water Lilies,NULL,Impressionism,flower painting
claude-monet-water-lily-pond-evening-right-panel-1926.jpg,Monet Claude,1926,"Water Lily Pond, Evening (right panel)",NULL,Impressionism,flower painting
claude-monet-sunset.jpg,Monet Claude,unknown-year,Sunset,NULL,Impressionism,landscape
claude-monet-vase-of-chrysanthemums.jpg,Monet Claude,unknown-year,Vase of Chrysanthemums,NULL,Impressionism,"flower painting, still life"
diego-rivera-la-era-the-threshing-floor-1904-oil-on-canvas-1904.jpg,Rivera Diego,1904,La Era (The Threshing Floor) 1904 (oil on canvas),NULL,Social Realism,landscape
diego-rivera-head-of-a-goat.jpg,Rivera Diego,1905,Head of a Goat,NULL,Social Realism,sketch and study
diego-rivera-night-scene-in-avila-1907.jpg,Rivera Diego,1907,Night Scene in Avila,NULL,Social Realism,landscape
diego-rivera-self-portrait-1907.jpg,Rivera Diego,1907,Self-Portrait,NULL,Social Realism,self-portrait
diego-rivera-house-over-the-bridge.jpg,Rivera Diego,1909,House over the Bridge,NULL,Social Realism,cityscape
diego-rivera-notre-dame-de-paris-1909.jpg,Rivera Diego,1909,Notre Dame de Paris,NULL,Social Realism,cityscape
diego-rivera-portrait-of-angelina-beloff-1909.jpg,Rivera Diego,1909,Portrait of Angelina Beloff,NULL,Social Realism,portrait
diego-rivera-breton-girl-1910.jpg,Rivera Diego,1910,Breton Girl,female-portraits,Social Realism,portrait
diego-rivera-head-of-a-breton-woman-1910.jpg,Rivera Diego,1910,Head of a Breton Woman,female-portraits,Social Realism,portrait
diego-rivera-view-of-toledo-1912.jpg,Rivera Diego,1912,View of Toledo,NULL,Cubism,cityscape
diego-rivera-landscape-at-toledo-1913.jpg,Rivera Diego,1913,Landscape at Toledo,NULL,Cubism,landscape
diego-rivera-portrait-of-oscar-miestchaninoff-1913.jpg,Rivera Diego,1913,Portrait of Oscar Miestchaninoff,NULL,Cubism,portrait
diego-rivera-portrait-of-the-adolfo-best-maugard-1913.jpg,Rivera Diego,1913,Portrait of the Adolfo Best Maugard,NULL,Cubism,portrait
diego-rivera-still-life-1913.jpg,Rivera Diego,1913,Still Life,NULL,Cubism,still life
diego-rivera-the-adoration-of-the-virgin-1913.jpg,Rivera Diego,1913,The Adoration of the Virgin,NULL,Cubism,religious painting
diego-rivera-woman-at-a-well-1913.jpg,Rivera Diego,1913,Woman at a Well,NULL,Cubism,genre painting
diego-rivera-la-tour-eiffel-1914.jpg,Rivera Diego,1914,La Tour Eiffel,NULL,Cubism,landscape
diego-rivera-portrait-of-two-women-1914.jpg,Rivera Diego,1914,Portrait of Two Women,NULL,Cubism,portrait
diego-rivera-sailor-at-breakfast-1914.jpg,Rivera Diego,1914,Sailor at Breakfast,NULL,Cubism,genre painting
diego-rivera-portrait-de-martin-luis-guzman-1915.jpg,Rivera Diego,1915,Portrait de Martin Luis Guzman,NULL,Cubism,portrait
diego-rivera-portrait-of-ramon-gomez-de-la-serna-1915.jpg,Rivera Diego,1915,Portrait of Ramon Gomez de la Serna,NULL,Cubism,portrait
diego-rivera-zapatista-landscape-the-guerrilla-1915.jpg,Rivera Diego,1915,Zapatista Landscape. The Guerrilla,NULL,Cubism,landscape
diego-rivera-motherhood-angelina-and-the-child-diego-1916.jpg,Rivera Diego,1916,Motherhood Angelina and the Child Diego,NULL,Cubism,portrait
diego-rivera-still-life-1918.jpg,Rivera Diego,1918,Still Life,NULL,Social Realism,still life
diego-rivera-the-mathematician-1918.jpg,Rivera Diego,1918,The Mathematician,"male-portraits, scientists",Social Realism,portrait
diego-rivera-the-outskirts-of-paris-1918.jpg,Rivera Diego,1918,The Outskirts of Paris,NULL,Social Realism,landscape
diego-rivera-bather-of-tehuantepec-1923.jpg,Rivera Diego,1923,Bather of Tehuantepec,NULL,Art Deco,nude painting (nu)
diego-rivera-creation-1923.jpg,Rivera Diego,1923,Creation,NULL,Muralism,religious painting
diego-rivera-entry-into-the-mine-1923.jpg,Rivera Diego,1923,Entry into the Mine,NULL,Muralism,genre painting
diego-rivera-exit-from-the-mine-1923.jpg,Rivera Diego,1923,Exit from the Mine,NULL,Muralism,genre painting
diego-rivera-tehuana-women-1923.jpg,Rivera Diego,1923,Tehuana Women,NULL,Muralism,genre painting
diego-rivera-the-embrace-1923.jpg,Rivera Diego,1923,The Embrace,NULL,Naïve Art (Primitivism),genre painting
diego-rivera-the-liberation-ofthe-peon-1923.jpg,Rivera Diego,1923,The Liberation ofThe Peon,NULL,Muralism,genre painting
diego-rivera-the-new-school-1923.jpg,Rivera Diego,1923,The New School,NULL,Social Realism,genre painting
diego-rivera-the-sugar-mill-1923.jpg,Rivera Diego,1923,The Sugar Mill,NULL,Muralism,genre painting
diego-rivera-alliance-of-the-peasant-and-the-industrial-worker-1924.jpg,Rivera Diego,1924,Alliance of the Peasant and the Industrial Worker,NULL,Muralism,allegorical painting
diego-rivera-good-friday-on-the-santa-anita-canal-1924.jpg,Rivera Diego,1924,Good Friday on the Santa Anita Canal,NULL,Muralism,genre painting
diego-rivera-partition-of-the-land-1924.jpg,Rivera Diego,1924,Partition of the Land.,NULL,Muralism,genre painting
diego-rivera-the-day-of-the-dead-1924.jpg,Rivera Diego,1924,The Day of the Dead,NULL,Muralism,genre painting
diego-rivera-the-festival-of-the-distribution-of-the-land-1924.jpg,Rivera Diego,1924,The Festival of The Distribution of The Land,NULL,Muralism,genre painting
diego-rivera-the-festival-of-the-first-of-may-1924.jpg,Rivera Diego,1924,The Festival of The First of May,NULL,Muralism,genre painting
diego-rivera-the-maize-festival-1924.jpg,Rivera Diego,1924,The Maize Festival,NULL,Naïve Art (Primitivism),genre painting
diego-rivera-the-market-1924.jpg,Rivera Diego,1924,The Market,NULL,Muralism,genre painting
diego-rivera-the-sacrificial-offering-day-of-the-dead-1924.jpg,Rivera Diego,1924,The Sacrificial Offering Day of the Dead,NULL,Muralism,genre painting
diego-rivera-woman-grinding-maize-1924.jpg,Rivera Diego,1924,Woman Grinding Maize,NULL,Art Deco,portrait
diego-rivera-flower-festival-1925.jpg,Rivera Diego,1925,Flower Festival,NULL,Art Deco,genre painting
diego-rivera-revelation-of-the-way-1926.jpg,Rivera Diego,1926,Revelation of the Way,NULL,Muralism,allegorical painting
diego-rivera-the-abundant-earth-1926.jpg,Rivera Diego,1926,The Abundant Earth,NULL,Muralism,allegorical painting
diego-rivera-the-exploiters-1926.jpg,Rivera Diego,1926,The Exploiters,NULL,Muralism,allegorical painting
diego-rivera-the-land-s-bounty-rightfully-possessed-1926.jpg,Rivera Diego,1926,The Land's Bounty Rightfully Possessed,NULL,Muralism,allegorical painting
diego-rivera-the-mechanization-ofthe-country-1926.jpg,Rivera Diego,1926,The Mechanization ofThe Country,NULL,Muralism,allegorical painting
diego-rivera-the-organization-ofthe-agrarian-movement-1926.jpg,Rivera Diego,1926,The Organization ofThe Agrarian Movement,NULL,Social Realism,genre painting
diego-rivera-triumph-of-the-revolution-1926.jpg,Rivera Diego,1926,Triumph of the Revolution,NULL,Muralism,allegorical painting
diego-rivera-indian-boy-and-indian-woman-with-corn-stalks-1927.jpg,Rivera Diego,1927,Indian Boy and Indian Woman with Corn Stalks,NULL,Naïve Art (Primitivism),genre painting
diego-rivera-maturation-1927.jpg,Rivera Diego,1927,Maturation,NULL,Muralism,allegorical painting
diego-rivera-subterranean-forces-1927.jpg,Rivera Diego,1927,Subterranean Forces,NULL,Muralism,allegorical painting
diego-rivera-the-blood-of-the-revolutionary-martyrs-fertilizing-the-earth-1927.jpg,Rivera Diego,1927,The Blood of the Revolutionary Martyrs Fertilizing the Earth,NULL,Muralism,allegorical painting
diego-rivera-the-liberated-earth-with-the-powers-of-nature-controlled-by-man-1927.jpg,Rivera Diego,1927,The Liberated Earth with The Powers of Nature Controlled by Man,NULL,Muralism,allegorical painting
diego-rivera-the-perpetual-renewal-of-the-revolutionary-struggle-1927.jpg,Rivera Diego,1927,The Perpetual Renewal of the Revolutionary Struggle,NULL,Muralism,genre painting
diego-rivera-death-of-the-capitalist-1928.jpg,Rivera Diego,1928,Death of the Capitalist,NULL,Muralism,genre painting
diego-rivera-night-of-the-poor-1928.jpg,Rivera Diego,1928,Night of the Poor,NULL,Muralism,genre painting
diego-rivera-night-of-the-rich-1928.jpg,Rivera Diego,1928,Night of the Rich,NULL,Muralism,allegorical painting
diego-rivera-our-bread-1928.jpg,Rivera Diego,1928,Our Bread,NULL,Muralism,allegorical painting
diego-rivera-the-learned-1928.jpg,Rivera Diego,1928,The Learned,NULL,Muralism,allegorical painting
diego-rivera-the-painter-the-sculptor-and-the-architect-1928.jpg,Rivera Diego,1928,"The Painter, the Sculptor and the Architect","arts-and-crafts, architects",Social Realism,genre painting
diego-rivera-wall-street-banquet-1928.jpg,Rivera Diego,1928,Wall Street Banquet,NULL,Muralism,allegorical painting
diego-rivera-the-arsenal-1928.jpg,Rivera Diego,1928,The Arsenal,NULL,Muralism,genre painting
diego-rivera-entering-the-city-1930.jpg,Rivera Diego,1930,Entering the City,NULL,Muralism,history painting
diego-rivera-my-godfather-s-sons-portrait-of-modesto-and-jesus-sanchez-1930.jpg,Rivera Diego,1930,My Godfather's Sons (Portrait of Modesto and Jesus Sanchez),NULL,Naïve Art (Primitivism),portrait
diego-rivera-zapata-s-horse-1930.jpg,Rivera Diego,1930,Zapata's Horse,NULL,Muralism,history painting
diego-rivera-allegory-of-california-1931.jpg,Rivera Diego,1931,Allegory of California,NULL,Muralism,allegorical painting
diego-rivera-conquest-and-revolution-1931.jpg,Rivera Diego,1931,Conquest and Revolution,NULL,Muralism,history painting
diego-rivera-frozen-assets-1931.jpg,Rivera Diego,1931,Frozen Assets,NULL,Muralism,genre painting
diego-rivera-the-making-of-a-fresco-showing-the-building-of-a-city-1931.jpg,Rivera Diego,1931,"The Making of a Fresco, Showing The Building of a City",NULL,Muralism,genre painting
diego-rivera-zapata-1931.jpg,Rivera Diego,1931,Zapata,NULL,Naïve Art (Primitivism),portrait
diego-rivera-edsel-b-ford-1932.jpg,Rivera Diego,1932,Edsel B. Ford,NULL,Social Realism,portrait
diego-rivera-detroit-industry-south-wall-1933.jpg,Rivera Diego,1933,"Detroit Industry, South Wall",NULL,Muralism,genre painting
diego-rivera-man-controller-of-the-universe-1934.jpg,Rivera Diego,1934,"Man at the Crossroads/Man, Controller of the Univers",NULL,Muralism,allegorical painting
diego-rivera-flower-carrier-1935.jpg,Rivera Diego,1935,Flower Carrier,NULL,Art Deco,genre painting
diego-rivera-the-ancient-indian-world-1935.jpg,Rivera Diego,1935,The Ancient Indian World,NULL,Muralism,history painting
diego-rivera-the-history-of-mexico-1935.jpg,Rivera Diego,1935,The History of Mexico,NULL,Muralism,history painting
diego-rivera-the-history-of-mexico-1935-1.jpg,Rivera Diego,1935,The History of Mexico,NULL,Muralism,history painting
diego-rivera-the-history-of-mexico-1935-2.jpg,Rivera Diego,1935,The History of Mexico,NULL,Muralism,history painting
diego-rivera-the-history-of-mexico-1935-3.jpg,Rivera Diego,1935,The History of Mexico,NULL,Muralism,history painting
diego-rivera-the-history-of-mexico-1935-4.jpg,Rivera Diego,1935,The History of Mexico,NULL,Muralism,history painting
diego-rivera-the-world-of-today-and-tomorrow-1935.jpg,Rivera Diego,1935,The World of Today and Tomorrow,NULL,Muralism,genre painting
diego-rivera-carnival-of-mexican-life-dictatorship-1936.jpg,Rivera Diego,1936,Carnival of Mexican Life. Dictatorship,NULL,Muralism,allegorical painting
diego-rivera-the-pinole-seller-1936.jpg,Rivera Diego,1936,The Pinole Seller,NULL,Naïve Art (Primitivism),portrait
diego-rivera-portrait-of-lupe-marin-1938.jpg,Rivera Diego,1938,Portrait of Lupe Marin,NULL,Art Deco,portrait
diego-rivera-dancer-resting-1939.jpg,Rivera Diego,1939,Dancer Resting,NULL,Social Realism,nude painting (nu)
diego-rivera-portrait-of-madesta-and-inesita-1939.jpg,Rivera Diego,1939,Portrait of Madesta and Inesita,NULL,Naïve Art (Primitivism),genre painting
diego-rivera-the-hands-of-dr-moore-1940.jpg,Rivera Diego,1940,The Hands of Dr Moore,NULL,Surrealism,allegorical painting
diego-rivera-pan-american-unity-1940.jpg,Rivera Diego,1940,Pan American Unity,NULL,Muralism,allegorical painting
diego-rivera-self-portrait-dedicated-to-irene-rich-1941.jpg,Rivera Diego,1941,Self-Portrait Dedicated to Irene Rich,NULL,Social Realism,self-portrait
diego-rivera-portrait-of-carlos-pellicer-1942.jpg,Rivera Diego,1942,Portrait of Carlos Pellicer,NULL,Social Realism,portrait
diego-rivera-portrait-of-natasha-zakolkowa-gelman-1943.jpg,Rivera Diego,1943,Portrait of Natasha Zakolkowa Gelman,NULL,Art Deco,portrait
diego-rivera-nude-with-calla-lilies-1944.jpg,Rivera Diego,1944,Nude with Calla Lilies,NULL,Art Deco,nude painting (nu)
diego-rivera-the-day-of-the-dead-1944.jpg,Rivera Diego,1944,The Day of the Dead,NULL,Naïve Art (Primitivism),genre painting
diego-rivera-the-milliner-potrait-of-henri-de-chatillon-1944.jpg,Rivera Diego,1944,The Milliner. Potrait of Henri de Chatillon,NULL,Art Deco,portrait
diego-rivera-portrait-of-cuca-bustamante-1946.jpg,Rivera Diego,1946,Portrait of Cuca Bustamante,NULL,Naïve Art (Primitivism),portrait
diego-rivera-the-tenptations-of-saint-antony-1947.jpg,Rivera Diego,1947,The Tenptations of Saint Antony,NULL,Surrealism,allegorical painting
diego-rivera-dream-of-a-sunday-afternoon-in-alameda-park-1948.jpg,Rivera Diego,1948,Dream of a Sunday Afternoon in Alameda Park,NULL,Muralism,genre painting
diego-rivera-portrait-of-ruth-rivera-1949.jpg,Rivera Diego,1949,Portrait of Ruth Rivera,NULL,Naïve Art (Primitivism),portrait
diego-rivera-the-huastec-civilisation-1950.jpg,Rivera Diego,1950,The Huastec Civilisation,NULL,Muralism,history painting
diego-rivera-the-papermakers-1950.jpg,Rivera Diego,1950,The Papermakers,NULL,Muralism,genre painting
diego-rivera-totonac-civilization-1950.jpg,Rivera Diego,1950,Totonac Civilization,NULL,Muralism,history painting
diego-rivera-figure-symbolizing-the-african-race-1951.jpg,Rivera Diego,1951,Figure Symbolizing the African Race,NULL,Muralism,allegorical painting
diego-rivera-figure-symbolizing-the-asiatic-race-1951.jpg,Rivera Diego,1951,Figure Symbolizing the Asiatic Race,NULL,Muralism,allegorical painting
diego-rivera-the-hands-of-nature-offering-water-1951.jpg,Rivera Diego,1951,The Hands of Nature Offering Water,NULL,Muralism,allegorical painting
diego-rivera-colonisation-the-great-city-of-tenochtitlan-1952.jpg,Rivera Diego,1952,"Colonisation, 'The Great City of Tenochtitlan'",NULL,Muralism,history painting
diego-rivera-portrait-of-the-young-girl-elenita-carrillo-flores-1952.jpg,Rivera Diego,1952,Portrait of the Young Girl Elenita Carrillo Flores,NULL,Naïve Art (Primitivism),portrait
diego-rivera-a-history-of-medicine-1953.jpg,Rivera Diego,1953,A History of Medicine,NULL,Muralism,allegorical painting
diego-rivera-portrait-of-sra-dona-elena-flores-de-carrillo-1953.jpg,Rivera Diego,1953,Portrait of Sra. Dona Elena Flores de Carrillo,NULL,Art Deco,portrait
diego-rivera-the-painter-s-studio-1954.jpg,Rivera Diego,1954,The Painter's Studio,NULL,Surrealism,genre painting
diego-rivera-evening-twilight-at-acapulco-1956.jpg,Rivera Diego,1956,Evening Twilight at Acapulco,NULL,Muralism,landscape
diego-rivera-may-day-procession-in-moscow-1956.jpg,Rivera Diego,1956,May Day Procession in Moscow,NULL,Social Realism,genre painting
diego-rivera-the-hammock-1956.jpg,Rivera Diego,1956,The Hammock,NULL,Art Deco,portrait
diego-rivera-angeline-beloff.jpg,Rivera Diego,unknown-year,Angeline Beloff,NULL,Social Realism,sketch and study
diego-rivera-classical-head.jpg,Rivera Diego,unknown-year,Classical Head,NULL,Neoclassicism,still life
diego-rivera-delfina-and-dimas.jpg,Rivera Diego,unknown-year,Delfina and Dimas,NULL,Naïve Art (Primitivism),genre painting
diego-rivera-detroit-industry-north-wall.jpg,Rivera Diego,unknown-year,"Detroit Industry, North Wall",NULL,Muralism,genre painting
diego-rivera-indian-spinning.jpg,Rivera Diego,unknown-year,Indian Spinning,NULL,Naïve Art (Primitivism),portrait
diego-rivera-lenin-in-1922.jpg,Rivera Diego,unknown-year,Lenin in 1922,Vladimir-Lenin,Social Realism,portrait
diego-rivera-pre-hispanic-america.jpg,Rivera Diego,unknown-year,Pre Hispanic America,NULL,Muralism,history painting
diego-rivera-sugar-plantation-tealtenango-morelos-and-indian-slaves-in-the-gold-mines.jpg,Rivera Diego,unknown-year,"Sugar Plantation, Tealtenango, Morelos and Indian Slaves in the Gold Mines",NULL,Muralism,genre painting
diego-rivera-the-architect-jesus-t-acevedo.jpg,Rivera Diego,unknown-year,"The Architect, Jesus T. Acevedo","male-portraits, architects",Cubism,portrait
diego-rivera-the-flower-seller.jpg,Rivera Diego,unknown-year,The Flower Seller,NULL,Art Deco,genre painting
diego-rivera-portrait-of-marevna.jpg,Rivera Diego,unknown-year,Portrait of Marevna,famous-people,Cubism,portrait
